ec2-18-232-40-202.compute-1.amazonaws.com:5432,2024-10-09 19:15:15,0.008038
ec2-18-232-40-202.compute-1.amazonaws.com:5432,2024-10-09 19:15:15,0.010094
ec2-18-232-40-202.compute-1.amazonaws.com:5432,2024-10-09 19:15:16,0.003866
ec2-18-232-40-202.compute-1.amazonaws.com:5432,2024-10-09 19:15:16,0.013776
ec2-18-232-40-202.compute-1.amazonaws.com:5432,2024-10-09 19:15:17,0.012424
ec2-18-232-40-202.compute-1.amazonaws.com:5432,2024-10-09 19:15:17,0.010054
ec2-18-232-40-202.compute-1.amazonaws.com:5432,2024-10-09 19:15:18,0.004567
ec2-18-232-40-202.compute-1.amazonaws.com:5432,2024-10-09 19:15:18,0.004871
ec2-18-232-40-202.compute-1.amazonaws.com:5432,2024-10-09 19:15:19,0.006286
ec2-18-232-40-202.compute-1.amazonaws.com:5432,2024-10-09 19:15:20,0.010773
ec2-18-232-40-202.compute-1.amazonaws.com:5432,2024-10-09 19:30:15,0.005160
ec2-18-232-40-202.compute-1.amazonaws.com:5432,2024-10-09 19:30:16,0.003324
ec2-18-232-40-202.compute-1.amazonaws.com:5432,2024-10-09 19:30:16,0.001575
ec2-18-232-40-202.compute-1.amazonaws.com:5432,2024-10-09 19:30:17,0.001383
ec2-18-232-40-202.compute-1.amazonaws.com:5432,2024-10-09 19:30:17,0.001353
ec2-18-232-40-202.compute-1.amazonaws.com:5432,2024-10-09 19:30:18,0.001521
ec2-18-232-40-202.compute-1.amazonaws.com:5432,2024-10-09 19:30:18,0.002041
ec2-18-232-40-202.compute-1.amazonaws.com:5432,2024-10-09 19:30:19,0.001516
ec2-18-232-40-202.compute-1.amazonaws.com:5432,2024-10-09 19:30:19,0.003974
ec2-18-232-40-202.compute-1.amazonaws.com:5432,2024-10-09 19:30:20,0.006351
ec2-18-232-40-202.compute-1.amazonaws.com:5432,2024-10-09 19:45:15,0.009562
ec2-18-232-40-202.compute-1.amazonaws.com:5432,2024-10-09 19:45:15,0.002969
ec2-18-232-40-202.compute-1.amazonaws.com:5432,2024-10-09 19:45:16,0.003710
ec2-18-232-40-202.compute-1.amazonaws.com:5432,2024-10-09 19:45:17,0.011393
ec2-18-232-40-202.compute-1.amazonaws.com:5432,2024-10-09 19:45:17,0.008909
ec2-18-232-40-202.compute-1.amazonaws.com:5432,2024-10-09 19:45:18,0.003933
ec2-18-232-40-202.compute-1.amazonaws.com:5432,2024-10-09 19:45:18,0.003173
ec2-18-232-40-202.compute-1.amazonaws.com:5432,2024-10-09 19:45:19,0.001679
ec2-18-232-40-202.compute-1.amazonaws.com:5432,2024-10-09 19:45:19,0.003803
ec2-18-232-40-202.compute-1.amazonaws.com:5432,2024-10-09 19:45:20,0.005708
ec2-18-232-40-202.compute-1.amazonaws.com:5432,2024-10-09 20:00:15,0.009795
ec2-18-232-40-202.compute-1.amazonaws.com:5432,2024-10-09 20:00:16,0.011979
ec2-18-232-40-202.compute-1.amazonaws.com:5432,2024-10-09 20:00:16,0.018107
ec2-18-232-40-202.compute-1.amazonaws.com:5432,2024-10-09 20:00:17,0.004523
ec2-18-232-40-202.compute-1.amazonaws.com:5432,2024-10-09 20:00:17,0.001638
ec2-18-232-40-202.compute-1.amazonaws.com:5432,2024-10-09 20:00:18,0.001749
ec2-18-232-40-202.compute-1.amazonaws.com:5432,2024-10-09 20:00:18,0.009941
ec2-18-232-40-202.compute-1.amazonaws.com:5432,2024-10-09 20:00:19,0.002589
ec2-18-232-40-202.compute-1.amazonaws.com:5432,2024-10-09 20:00:19,0.009125
ec2-18-232-40-202.compute-1.amazonaws.com:5432,2024-10-09 20:00:20,0.001689
ec2-18-232-40-202.compute-1.amazonaws.com:5432,2024-10-09 20:15:16,0.006007
ec2-18-232-40-202.compute-1.amazonaws.com:5432,2024-10-09 20:15:16,0.002887
ec2-18-232-40-202.compute-1.amazonaws.com:5432,2024-10-09 20:15:17,0.001692
ec2-18-232-40-202.compute-1.amazonaws.com:5432,2024-10-09 20:15:17,0.001787
ec2-18-232-40-202.compute-1.amazonaws.com:5432,2024-10-09 20:15:18,0.008165
ec2-18-232-40-202.compute-1.amazonaws.com:5432,2024-10-09 20:15:18,0.001666
ec2-18-232-40-202.compute-1.amazonaws.com:5432,2024-10-09 20:15:19,0.004535
ec2-18-232-40-202.compute-1.amazonaws.com:5432,2024-10-09 20:15:19,0.001625
ec2-18-232-40-202.compute-1.amazonaws.com:5432,2024-10-09 20:15:20,0.003622
ec2-18-232-40-202.compute-1.amazonaws.com:5432,2024-10-09 20:15:20,0.004065
ec2-18-232-40-202.compute-1.amazonaws.com:5432,2024-10-09 20:30:16,0.006923
ec2-18-232-40-202.compute-1.amazonaws.com:5432,2024-10-09 20:30:16,0.007199
ec2-18-232-40-202.compute-1.amazonaws.com:5432,2024-10-09 20:30:17,0.002998
ec2-18-232-40-202.compute-1.amazonaws.com:5432,2024-10-09 20:30:17,0.001690
ec2-18-232-40-202.compute-1.amazonaws.com:5432,2024-10-09 20:30:18,0.001918
ec2-18-232-40-202.compute-1.amazonaws.com:5432,2024-10-09 20:30:18,0.001621
ec2-18-232-40-202.compute-1.amazonaws.com:5432,2024-10-09 20:30:19,0.003232
ec2-18-232-40-202.compute-1.amazonaws.com:5432,2024-10-09 20:30:20,0.001874
ec2-18-232-40-202.compute-1.amazonaws.com:5432,2024-10-09 20:30:20,0.001745
ec2-18-232-40-202.compute-1.amazonaws.com:5432,2024-10-09 20:30:21,0.002112
ec2-18-232-40-202.compute-1.amazonaws.com:5432,2024-10-09 20:45:15,0.003197
ec2-18-232-40-202.compute-1.amazonaws.com:5432,2024-10-09 20:45:16,0.002144
ec2-18-232-40-202.compute-1.amazonaws.com:5432,2024-10-09 20:45:16,0.012097
ec2-18-232-40-202.compute-1.amazonaws.com:5432,2024-10-09 20:45:17,0.017089
ec2-18-232-40-202.compute-1.amazonaws.com:5432,2024-10-09 20:45:17,0.001726
ec2-18-232-40-202.compute-1.amazonaws.com:5432,2024-10-09 20:45:18,0.005167
ec2-18-232-40-202.compute-1.amazonaws.com:5432,2024-10-09 20:45:18,0.001773
ec2-18-232-40-202.compute-1.amazonaws.com:5432,2024-10-09 20:45:19,0.002528
ec2-18-232-40-202.compute-1.amazonaws.com:5432,2024-10-09 20:45:19,0.001698
ec2-18-232-40-202.compute-1.amazonaws.com:5432,2024-10-09 20:45:20,0.001628
ec2-18-232-40-202.compute-1.amazonaws.com:5432,2024-10-09 21:00:19,0.003086
ec2-18-232-40-202.compute-1.amazonaws.com:5432,2024-10-09 21:00:20,0.004009
ec2-18-232-40-202.compute-1.amazonaws.com:5432,2024-10-09 21:00:20,0.002282
ec2-18-232-40-202.compute-1.amazonaws.com:5432,2024-10-09 21:00:21,0.004505
ec2-18-232-40-202.compute-1.amazonaws.com:5432,2024-10-09 21:00:21,0.002331
ec2-18-232-40-202.compute-1.amazonaws.com:5432,2024-10-09 21:00:22,0.009798
ec2-18-232-40-202.compute-1.amazonaws.com:5432,2024-10-09 21:00:23,0.002831
ec2-18-232-40-202.compute-1.amazonaws.com:5432,2024-10-09 21:00:23,0.001683
ec2-18-232-40-202.compute-1.amazonaws.com:5432,2024-10-09 21:00:24,0.001761
ec2-18-232-40-202.compute-1.amazonaws.com:5432,2024-10-09 21:00:24,0.001712
ec2-18-232-40-202.compute-1.amazonaws.com:5432,2024-10-09 21:15:14,0.003019
ec2-18-232-40-202.compute-1.amazonaws.com:5432,2024-10-09 21:15:14,0.001796
ec2-18-232-40-202.compute-1.amazonaws.com:5432,2024-10-09 21:15:15,0.003492
ec2-18-232-40-202.compute-1.amazonaws.com:5432,2024-10-09 21:15:15,0.001647
ec2-18-232-40-202.compute-1.amazonaws.com:5432,2024-10-09 21:15:16,0.001676
ec2-18-232-40-202.compute-1.amazonaws.com:5432,2024-10-09 21:15:16,0.001768
ec2-18-232-40-202.compute-1.amazonaws.com:5432,2024-10-09 21:15:17,0.002161
ec2-18-232-40-202.compute-1.amazonaws.com:5432,2024-10-09 21:15:17,0.005034
ec2-18-232-40-202.compute-1.amazonaws.com:5432,2024-10-09 21:15:18,0.001793
ec2-18-232-40-202.compute-1.amazonaws.com:5432,2024-10-09 21:15:18,0.001691
ec2-18-232-40-202.compute-1.amazonaws.com:5432,2024-10-09 21:30:17,0.005145
ec2-18-232-40-202.compute-1.amazonaws.com:5432,2024-10-09 21:30:17,0.003194
ec2-18-232-40-202.compute-1.amazonaws.com:5432,2024-10-09 21:30:18,0.002312
ec2-18-232-40-202.compute-1.amazonaws.com:5432,2024-10-09 21:30:18,0.006289
ec2-18-232-40-202.compute-1.amazonaws.com:5432,2024-10-09 21:30:19,0.008405
ec2-18-232-40-202.compute-1.amazonaws.com:5432,2024-10-09 21:30:19,0.004402
ec2-18-232-40-202.compute-1.amazonaws.com:5432,2024-10-09 21:30:20,0.002080
ec2-18-232-40-202.compute-1.amazonaws.com:5432,2024-10-09 21:30:20,0.009371
ec2-18-232-40-202.compute-1.amazonaws.com:5432,2024-10-09 21:30:21,0.001778
ec2-18-232-40-202.compute-1.amazonaws.com:5432,2024-10-09 21:30:21,0.007794
ec2-18-232-40-202.compute-1.amazonaws.com:5432,2024-10-09 21:45:15,0.010259
ec2-18-232-40-202.compute-1.amazonaws.com:5432,2024-10-09 21:45:16,0.007978
ec2-18-232-40-202.compute-1.amazonaws.com:5432,2024-10-09 21:45:17,0.003181
ec2-18-232-40-202.compute-1.amazonaws.com:5432,2024-10-09 21:45:17,0.002244
ec2-18-232-40-202.compute-1.amazonaws.com:5432,2024-10-09 21:45:18,0.001977
ec2-18-232-40-202.compute-1.amazonaws.com:5432,2024-10-09 21:45:18,0.003392
ec2-18-232-40-202.compute-1.amazonaws.com:5432,2024-10-09 21:45:19,0.001580
ec2-18-232-40-202.compute-1.amazonaws.com:5432,2024-10-09 21:45:19,0.001927
ec2-18-232-40-202.compute-1.amazonaws.com:5432,2024-10-09 21:45:20,0.001623
ec2-18-232-40-202.compute-1.amazonaws.com:5432,2024-10-09 21:45:20,0.002668
ec2-18-232-40-202.compute-1.amazonaws.com:5432,2024-10-09 22:00:14,0.013589
ec2-18-232-40-202.compute-1.amazonaws.com:5432,2024-10-09 22:00:15,0.012850
ec2-18-232-40-202.compute-1.amazonaws.com:5432,2024-10-09 22:00:15,0.002978
ec2-18-232-40-202.compute-1.amazonaws.com:5432,2024-10-09 22:00:16,0.005026
ec2-18-232-40-202.compute-1.amazonaws.com:5432,2024-10-09 22:00:16,0.001715
ec2-18-232-40-202.compute-1.amazonaws.com:5432,2024-10-09 22:00:17,0.003538
ec2-18-232-40-202.compute-1.amazonaws.com:5432,2024-10-09 22:00:18,0.001689
ec2-18-232-40-202.compute-1.amazonaws.com:5432,2024-10-09 22:00:18,0.002189
ec2-18-232-40-202.compute-1.amazonaws.com:5432,2024-10-09 22:00:19,0.004481
ec2-18-232-40-202.compute-1.amazonaws.com:5432,2024-10-09 22:00:19,0.007895
ec2-18-232-40-202.compute-1.amazonaws.com:5432,2024-10-09 22:15:15,0.010229
ec2-18-232-40-202.compute-1.amazonaws.com:5432,2024-10-09 22:15:16,0.008754
ec2-18-232-40-202.compute-1.amazonaws.com:5432,2024-10-09 22:15:16,0.004939
ec2-18-232-40-202.compute-1.amazonaws.com:5432,2024-10-09 22:15:17,0.001803
ec2-18-232-40-202.compute-1.amazonaws.com:5432,2024-10-09 22:15:17,0.013455
ec2-18-232-40-202.compute-1.amazonaws.com:5432,2024-10-09 22:15:18,0.004173
ec2-18-232-40-202.compute-1.amazonaws.com:5432,2024-10-09 22:15:18,0.002506
ec2-18-232-40-202.compute-1.amazonaws.com:5432,2024-10-09 22:15:19,0.001528
ec2-18-232-40-202.compute-1.amazonaws.com:5432,2024-10-09 22:15:19,0.001846
ec2-18-232-40-202.compute-1.amazonaws.com:5432,2024-10-09 22:15:20,0.001866
ec2-18-232-40-202.compute-1.amazonaws.com:5432,2024-10-09 22:30:15,0.006688
ec2-18-232-40-202.compute-1.amazonaws.com:5432,2024-10-09 22:30:16,0.014855
ec2-18-232-40-202.compute-1.amazonaws.com:5432,2024-10-09 22:30:16,0.008996
ec2-18-232-40-202.compute-1.amazonaws.com:5432,2024-10-09 22:30:17,0.009729
ec2-18-232-40-202.compute-1.amazonaws.com:5432,2024-10-09 22:30:17,0.009726
ec2-18-232-40-202.compute-1.amazonaws.com:5432,2024-10-09 22:30:18,0.008026
ec2-18-232-40-202.compute-1.amazonaws.com:5432,2024-10-09 22:30:18,0.005214
ec2-18-232-40-202.compute-1.amazonaws.com:5432,2024-10-09 22:30:19,0.010538
ec2-18-232-40-202.compute-1.amazonaws.com:5432,2024-10-09 22:30:19,0.002202
ec2-18-232-40-202.compute-1.amazonaws.com:5432,2024-10-09 22:30:20,0.002128
ec2-18-232-40-202.compute-1.amazonaws.com:5432,2024-10-09 22:45:16,0.002735
ec2-18-232-40-202.compute-1.amazonaws.com:5432,2024-10-09 22:45:17,0.001595
ec2-18-232-40-202.compute-1.amazonaws.com:5432,2024-10-09 22:45:17,0.001732
ec2-18-232-40-202.compute-1.amazonaws.com:5432,2024-10-09 22:45:18,0.001671
ec2-18-232-40-202.compute-1.amazonaws.com:5432,2024-10-09 22:45:18,0.001624
ec2-18-232-40-202.compute-1.amazonaws.com:5432,2024-10-09 22:45:19,0.001913
ec2-18-232-40-202.compute-1.amazonaws.com:5432,2024-10-09 22:45:19,0.006635
ec2-18-232-40-202.compute-1.amazonaws.com:5432,2024-10-09 22:45:20,0.001702
ec2-18-232-40-202.compute-1.amazonaws.com:5432,2024-10-09 22:45:20,0.001691
ec2-18-232-40-202.compute-1.amazonaws.com:5432,2024-10-09 22:45:21,0.003059
ec2-18-232-40-202.compute-1.amazonaws.com:5432,2024-10-09 23:00:17,0.013256
ec2-18-232-40-202.compute-1.amazonaws.com:5432,2024-10-09 23:00:18,0.006217
ec2-18-232-40-202.compute-1.amazonaws.com:5432,2024-10-09 23:00:18,0.002100
ec2-18-232-40-202.compute-1.amazonaws.com:5432,2024-10-09 23:00:19,0.001805
ec2-18-232-40-202.compute-1.amazonaws.com:5432,2024-10-09 23:00:19,0.001647
ec2-18-232-40-202.compute-1.amazonaws.com:5432,2024-10-09 23:00:20,0.008671
ec2-18-232-40-202.compute-1.amazonaws.com:5432,2024-10-09 23:00:20,0.001983
ec2-18-232-40-202.compute-1.amazonaws.com:5432,2024-10-09 23:00:21,0.002050
ec2-18-232-40-202.compute-1.amazonaws.com:5432,2024-10-09 23:00:21,0.005620
ec2-18-232-40-202.compute-1.amazonaws.com:5432,2024-10-09 23:00:22,0.002822
ec2-18-232-40-202.compute-1.amazonaws.com:5432,2024-10-09 23:15:15,0.002686
ec2-18-232-40-202.compute-1.amazonaws.com:5432,2024-10-09 23:15:15,0.003260
ec2-18-232-40-202.compute-1.amazonaws.com:5432,2024-10-09 23:15:16,0.002785
ec2-18-232-40-202.compute-1.amazonaws.com:5432,2024-10-09 23:15:16,0.006196
ec2-18-232-40-202.compute-1.amazonaws.com:5432,2024-10-09 23:15:17,0.003692
ec2-18-232-40-202.compute-1.amazonaws.com:5432,2024-10-09 23:15:18,0.012012
ec2-18-232-40-202.compute-1.amazonaws.com:5432,2024-10-09 23:15:18,0.003158
ec2-18-232-40-202.compute-1.amazonaws.com:5432,2024-10-09 23:15:19,0.001820
ec2-18-232-40-202.compute-1.amazonaws.com:5432,2024-10-09 23:15:19,0.001800
ec2-18-232-40-202.compute-1.amazonaws.com:5432,2024-10-09 23:15:20,0.002209
ec2-18-232-40-202.compute-1.amazonaws.com:5432,2024-10-09 23:30:15,0.002578
ec2-18-232-40-202.compute-1.amazonaws.com:5432,2024-10-09 23:30:16,0.001878
ec2-18-232-40-202.compute-1.amazonaws.com:5432,2024-10-09 23:30:16,0.001572
ec2-18-232-40-202.compute-1.amazonaws.com:5432,2024-10-09 23:30:17,0.001785
ec2-18-232-40-202.compute-1.amazonaws.com:5432,2024-10-09 23:30:17,0.001705
ec2-18-232-40-202.compute-1.amazonaws.com:5432,2024-10-09 23:30:18,0.001720
ec2-18-232-40-202.compute-1.amazonaws.com:5432,2024-10-09 23:30:18,0.001725
ec2-18-232-40-202.compute-1.amazonaws.com:5432,2024-10-09 23:30:19,0.004666
ec2-18-232-40-202.compute-1.amazonaws.com:5432,2024-10-09 23:30:19,0.001743
ec2-18-232-40-202.compute-1.amazonaws.com:5432,2024-10-09 23:30:20,0.001611
ec2-18-232-40-202.compute-1.amazonaws.com:5432,2024-10-09 23:45:20,0.002861
ec2-18-232-40-202.compute-1.amazonaws.com:5432,2024-10-09 23:45:21,0.001840
ec2-18-232-40-202.compute-1.amazonaws.com:5432,2024-10-09 23:45:21,0.001691
ec2-18-232-40-202.compute-1.amazonaws.com:5432,2024-10-09 23:45:22,0.002605
ec2-18-232-40-202.compute-1.amazonaws.com:5432,2024-10-09 23:45:22,0.001660
ec2-18-232-40-202.compute-1.amazonaws.com:5432,2024-10-09 23:45:23,0.002618
ec2-18-232-40-202.compute-1.amazonaws.com:5432,2024-10-09 23:45:23,0.002198
ec2-18-232-40-202.compute-1.amazonaws.com:5432,2024-10-09 23:45:24,0.002550
ec2-18-232-40-202.compute-1.amazonaws.com:5432,2024-10-09 23:45:24,0.001610
ec2-18-232-40-202.compute-1.amazonaws.com:5432,2024-10-09 23:45:25,0.001725
ec2-18-232-40-202.compute-1.amazonaws.com:5432,2024-10-10 00:00:13,0.002763
ec2-18-232-40-202.compute-1.amazonaws.com:5432,2024-10-10 00:00:14,0.001686
ec2-18-232-40-202.compute-1.amazonaws.com:5432,2024-10-10 00:00:14,0.001717
ec2-18-232-40-202.compute-1.amazonaws.com:5432,2024-10-10 00:00:15,0.001616
ec2-18-232-40-202.compute-1.amazonaws.com:5432,2024-10-10 00:00:15,0.001537
ec2-18-232-40-202.compute-1.amazonaws.com:5432,2024-10-10 00:00:16,0.001604
ec2-18-232-40-202.compute-1.amazonaws.com:5432,2024-10-10 00:00:16,0.002150
ec2-18-232-40-202.compute-1.amazonaws.com:5432,2024-10-10 00:00:17,0.001788
ec2-18-232-40-202.compute-1.amazonaws.com:5432,2024-10-10 00:00:17,0.002053
ec2-18-232-40-202.compute-1.amazonaws.com:5432,2024-10-10 00:00:18,0.003905
ec2-18-232-40-202.compute-1.amazonaws.com:5432,2024-10-10 00:15:15,0.002657
ec2-18-232-40-202.compute-1.amazonaws.com:5432,2024-10-10 00:15:15,0.008070
ec2-18-232-40-202.compute-1.amazonaws.com:5432,2024-10-10 00:15:16,0.007113
ec2-18-232-40-202.compute-1.amazonaws.com:5432,2024-10-10 00:15:17,0.008305
ec2-18-232-40-202.compute-1.amazonaws.com:5432,2024-10-10 00:15:17,0.001793
ec2-18-232-40-202.compute-1.amazonaws.com:5432,2024-10-10 00:15:18,0.003826
ec2-18-232-40-202.compute-1.amazonaws.com:5432,2024-10-10 00:15:18,0.005455
ec2-18-232-40-202.compute-1.amazonaws.com:5432,2024-10-10 00:15:19,0.004793
ec2-18-232-40-202.compute-1.amazonaws.com:5432,2024-10-10 00:15:19,0.001961
ec2-18-232-40-202.compute-1.amazonaws.com:5432,2024-10-10 00:15:20,0.001641
ec2-18-232-40-202.compute-1.amazonaws.com:5432,2024-10-10 00:30:16,0.003537
ec2-18-232-40-202.compute-1.amazonaws.com:5432,2024-10-10 00:30:17,0.001609
ec2-18-232-40-202.compute-1.amazonaws.com:5432,2024-10-10 00:30:17,0.009484
ec2-18-232-40-202.compute-1.amazonaws.com:5432,2024-10-10 00:30:18,0.004763
ec2-18-232-40-202.compute-1.amazonaws.com:5432,2024-10-10 00:30:19,0.002237
ec2-18-232-40-202.compute-1.amazonaws.com:5432,2024-10-10 00:30:19,0.001704
ec2-18-232-40-202.compute-1.amazonaws.com:5432,2024-10-10 00:30:20,0.001717
ec2-18-232-40-202.compute-1.amazonaws.com:5432,2024-10-10 00:30:20,0.001864
ec2-18-232-40-202.compute-1.amazonaws.com:5432,2024-10-10 00:30:21,0.001727
ec2-18-232-40-202.compute-1.amazonaws.com:5432,2024-10-10 00:30:21,0.001597
ec2-18-232-40-202.compute-1.amazonaws.com:5432,2024-10-10 00:45:18,0.005849
ec2-18-232-40-202.compute-1.amazonaws.com:5432,2024-10-10 00:45:19,0.001644
ec2-18-232-40-202.compute-1.amazonaws.com:5432,2024-10-10 00:45:19,0.001686
ec2-18-232-40-202.compute-1.amazonaws.com:5432,2024-10-10 00:45:20,0.001572
ec2-18-232-40-202.compute-1.amazonaws.com:5432,2024-10-10 00:45:20,0.001760
ec2-18-232-40-202.compute-1.amazonaws.com:5432,2024-10-10 00:45:21,0.001713
ec2-18-232-40-202.compute-1.amazonaws.com:5432,2024-10-10 00:45:21,0.001690
ec2-18-232-40-202.compute-1.amazonaws.com:5432,2024-10-10 00:45:22,0.001928
ec2-18-232-40-202.compute-1.amazonaws.com:5432,2024-10-10 00:45:22,0.001648
ec2-18-232-40-202.compute-1.amazonaws.com:5432,2024-10-10 00:45:23,0.001778
ec2-18-232-40-202.compute-1.amazonaws.com:5432,2024-10-10 01:00:15,0.003939
ec2-18-232-40-202.compute-1.amazonaws.com:5432,2024-10-10 01:00:15,0.008802
ec2-18-232-40-202.compute-1.amazonaws.com:5432,2024-10-10 01:00:16,0.001563
ec2-18-232-40-202.compute-1.amazonaws.com:5432,2024-10-10 01:00:16,0.001707
ec2-18-232-40-202.compute-1.amazonaws.com:5432,2024-10-10 01:00:17,0.001769
ec2-18-232-40-202.compute-1.amazonaws.com:5432,2024-10-10 01:00:17,0.005061
ec2-18-232-40-202.compute-1.amazonaws.com:5432,2024-10-10 01:00:18,0.005152
ec2-18-232-40-202.compute-1.amazonaws.com:5432,2024-10-10 01:00:18,0.001567
ec2-18-232-40-202.compute-1.amazonaws.com:5432,2024-10-10 01:00:19,0.007052
ec2-18-232-40-202.compute-1.amazonaws.com:5432,2024-10-10 01:00:19,0.002323
ec2-18-232-40-202.compute-1.amazonaws.com:5432,2024-10-10 01:15:16,0.008495
ec2-18-232-40-202.compute-1.amazonaws.com:5432,2024-10-10 01:15:16,0.001606
ec2-18-232-40-202.compute-1.amazonaws.com:5432,2024-10-10 01:15:17,0.005225
ec2-18-232-40-202.compute-1.amazonaws.com:5432,2024-10-10 01:15:17,0.002582
ec2-18-232-40-202.compute-1.amazonaws.com:5432,2024-10-10 01:15:18,0.002093
ec2-18-232-40-202.compute-1.amazonaws.com:5432,2024-10-10 01:15:18,0.001781
ec2-18-232-40-202.compute-1.amazonaws.com:5432,2024-10-10 01:15:19,0.001806
ec2-18-232-40-202.compute-1.amazonaws.com:5432,2024-10-10 01:15:19,0.001512
ec2-18-232-40-202.compute-1.amazonaws.com:5432,2024-10-10 01:15:20,0.002422
ec2-18-232-40-202.compute-1.amazonaws.com:5432,2024-10-10 01:15:20,0.004367
ec2-18-232-40-202.compute-1.amazonaws.com:5432,2024-10-10 01:45:14,0.009419
ec2-18-232-40-202.compute-1.amazonaws.com:5432,2024-10-10 01:45:15,0.001764
ec2-18-232-40-202.compute-1.amazonaws.com:5432,2024-10-10 01:45:15,0.007421
ec2-18-232-40-202.compute-1.amazonaws.com:5432,2024-10-10 01:45:16,0.006357
ec2-18-232-40-202.compute-1.amazonaws.com:5432,2024-10-10 01:45:16,0.003465
ec2-18-232-40-202.compute-1.amazonaws.com:5432,2024-10-10 01:45:17,0.013334
ec2-18-232-40-202.compute-1.amazonaws.com:5432,2024-10-10 01:45:17,0.001674
ec2-18-232-40-202.compute-1.amazonaws.com:5432,2024-10-10 01:45:18,0.005042
ec2-18-232-40-202.compute-1.amazonaws.com:5432,2024-10-10 01:45:18,0.006149
ec2-18-232-40-202.compute-1.amazonaws.com:5432,2024-10-10 01:45:19,0.005911
ec2-18-232-40-202.compute-1.amazonaws.com:5432,2024-10-10 02:00:18,0.002884
ec2-18-232-40-202.compute-1.amazonaws.com:5432,2024-10-10 02:00:18,0.001556
ec2-18-232-40-202.compute-1.amazonaws.com:5432,2024-10-10 02:00:19,0.002248
ec2-18-232-40-202.compute-1.amazonaws.com:5432,2024-10-10 02:00:19,0.002034
ec2-18-232-40-202.compute-1.amazonaws.com:5432,2024-10-10 02:00:20,0.002205
ec2-18-232-40-202.compute-1.amazonaws.com:5432,2024-10-10 02:00:21,0.003447
ec2-18-232-40-202.compute-1.amazonaws.com:5432,2024-10-10 02:00:21,0.002200
ec2-18-232-40-202.compute-1.amazonaws.com:5432,2024-10-10 02:00:22,0.001781
ec2-18-232-40-202.compute-1.amazonaws.com:5432,2024-10-10 02:00:22,0.001888
ec2-18-232-40-202.compute-1.amazonaws.com:5432,2024-10-10 02:00:23,0.001606
ec2-18-232-40-202.compute-1.amazonaws.com:5432,2024-10-10 02:15:18,0.003580
ec2-18-232-40-202.compute-1.amazonaws.com:5432,2024-10-10 02:15:19,0.001821
ec2-18-232-40-202.compute-1.amazonaws.com:5432,2024-10-10 02:15:19,0.002019
ec2-18-232-40-202.compute-1.amazonaws.com:5432,2024-10-10 02:15:20,0.001668
ec2-18-232-40-202.compute-1.amazonaws.com:5432,2024-10-10 02:15:20,0.001749
ec2-18-232-40-202.compute-1.amazonaws.com:5432,2024-10-10 02:15:21,0.002025
ec2-18-232-40-202.compute-1.amazonaws.com:5432,2024-10-10 02:15:21,0.001831
ec2-18-232-40-202.compute-1.amazonaws.com:5432,2024-10-10 02:15:22,0.001701
ec2-18-232-40-202.compute-1.amazonaws.com:5432,2024-10-10 02:15:22,0.003612
ec2-18-232-40-202.compute-1.amazonaws.com:5432,2024-10-10 02:15:23,0.001639
ec2-18-232-40-202.compute-1.amazonaws.com:5432,2024-10-10 02:30:14,0.003019
ec2-18-232-40-202.compute-1.amazonaws.com:5432,2024-10-10 02:30:15,0.002570
ec2-18-232-40-202.compute-1.amazonaws.com:5432,2024-10-10 02:30:15,0.001551
ec2-18-232-40-202.compute-1.amazonaws.com:5432,2024-10-10 02:30:16,0.001727
ec2-18-232-40-202.compute-1.amazonaws.com:5432,2024-10-10 02:30:16,0.004830
ec2-18-232-40-202.compute-1.amazonaws.com:5432,2024-10-10 02:30:17,0.003059
ec2-18-232-40-202.compute-1.amazonaws.com:5432,2024-10-10 02:30:17,0.002452
ec2-18-232-40-202.compute-1.amazonaws.com:5432,2024-10-10 02:30:18,0.001675
ec2-18-232-40-202.compute-1.amazonaws.com:5432,2024-10-10 02:30:18,0.001513
ec2-18-232-40-202.compute-1.amazonaws.com:5432,2024-10-10 02:30:19,0.004884
ec2-18-232-40-202.compute-1.amazonaws.com:5432,2024-10-10 02:45:14,0.002840
ec2-18-232-40-202.compute-1.amazonaws.com:5432,2024-10-10 02:45:15,0.004870
ec2-18-232-40-202.compute-1.amazonaws.com:5432,2024-10-10 02:45:15,0.002543
ec2-18-232-40-202.compute-1.amazonaws.com:5432,2024-10-10 02:45:16,0.006120
ec2-18-232-40-202.compute-1.amazonaws.com:5432,2024-10-10 02:45:16,0.001989
ec2-18-232-40-202.compute-1.amazonaws.com:5432,2024-10-10 02:45:17,0.001582
ec2-18-232-40-202.compute-1.amazonaws.com:5432,2024-10-10 02:45:17,0.001639
ec2-18-232-40-202.compute-1.amazonaws.com:5432,2024-10-10 02:45:18,0.003900
ec2-18-232-40-202.compute-1.amazonaws.com:5432,2024-10-10 02:45:18,0.006414
ec2-18-232-40-202.compute-1.amazonaws.com:5432,2024-10-10 02:45:19,0.006407
ec2-18-232-40-202.compute-1.amazonaws.com:5432,2024-10-10 03:00:14,0.013202
ec2-18-232-40-202.compute-1.amazonaws.com:5432,2024-10-10 03:00:14,0.005918
ec2-18-232-40-202.compute-1.amazonaws.com:5432,2024-10-10 03:00:15,0.002161
ec2-18-232-40-202.compute-1.amazonaws.com:5432,2024-10-10 03:00:15,0.005390
ec2-18-232-40-202.compute-1.amazonaws.com:5432,2024-10-10 03:00:16,0.005993
ec2-18-232-40-202.compute-1.amazonaws.com:5432,2024-10-10 03:00:16,0.007330
ec2-18-232-40-202.compute-1.amazonaws.com:5432,2024-10-10 03:00:17,0.002291
ec2-18-232-40-202.compute-1.amazonaws.com:5432,2024-10-10 03:00:17,0.001738
ec2-18-232-40-202.compute-1.amazonaws.com:5432,2024-10-10 03:00:18,0.001842
ec2-18-232-40-202.compute-1.amazonaws.com:5432,2024-10-10 03:00:18,0.001848
ec2-18-232-40-202.compute-1.amazonaws.com:5432,2024-10-10 03:15:14,0.002652
ec2-18-232-40-202.compute-1.amazonaws.com:5432,2024-10-10 03:15:14,0.001699
ec2-18-232-40-202.compute-1.amazonaws.com:5432,2024-10-10 03:15:15,0.001664
ec2-18-232-40-202.compute-1.amazonaws.com:5432,2024-10-10 03:15:15,0.001952
ec2-18-232-40-202.compute-1.amazonaws.com:5432,2024-10-10 03:15:16,0.001910
ec2-18-232-40-202.compute-1.amazonaws.com:5432,2024-10-10 03:15:16,0.001876
ec2-18-232-40-202.compute-1.amazonaws.com:5432,2024-10-10 03:15:17,0.001793
ec2-18-232-40-202.compute-1.amazonaws.com:5432,2024-10-10 03:15:17,0.001655
ec2-18-232-40-202.compute-1.amazonaws.com:5432,2024-10-10 03:15:18,0.001734
ec2-18-232-40-202.compute-1.amazonaws.com:5432,2024-10-10 03:15:18,0.001962
ec2-18-232-40-202.compute-1.amazonaws.com:5432,2024-10-10 03:30:14,0.002850
ec2-18-232-40-202.compute-1.amazonaws.com:5432,2024-10-10 03:30:14,0.001588
ec2-18-232-40-202.compute-1.amazonaws.com:5432,2024-10-10 03:30:15,0.001789
ec2-18-232-40-202.compute-1.amazonaws.com:5432,2024-10-10 03:30:15,0.001884
ec2-18-232-40-202.compute-1.amazonaws.com:5432,2024-10-10 03:30:16,0.001591
ec2-18-232-40-202.compute-1.amazonaws.com:5432,2024-10-10 03:30:16,0.001556
ec2-18-232-40-202.compute-1.amazonaws.com:5432,2024-10-10 03:30:17,0.001566
ec2-18-232-40-202.compute-1.amazonaws.com:5432,2024-10-10 03:30:17,0.001505
ec2-18-232-40-202.compute-1.amazonaws.com:5432,2024-10-10 03:30:18,0.002106
ec2-18-232-40-202.compute-1.amazonaws.com:5432,2024-10-10 03:30:19,0.001868
ec2-18-232-40-202.compute-1.amazonaws.com:5432,2024-10-10 03:45:14,0.002620
ec2-18-232-40-202.compute-1.amazonaws.com:5432,2024-10-10 03:45:15,0.001622
ec2-18-232-40-202.compute-1.amazonaws.com:5432,2024-10-10 03:45:15,0.001553
ec2-18-232-40-202.compute-1.amazonaws.com:5432,2024-10-10 03:45:16,0.005860
ec2-18-232-40-202.compute-1.amazonaws.com:5432,2024-10-10 03:45:16,0.002122
ec2-18-232-40-202.compute-1.amazonaws.com:5432,2024-10-10 03:45:17,0.013964
ec2-18-232-40-202.compute-1.amazonaws.com:5432,2024-10-10 03:45:17,0.006436
ec2-18-232-40-202.compute-1.amazonaws.com:5432,2024-10-10 03:45:18,0.003043
ec2-18-232-40-202.compute-1.amazonaws.com:5432,2024-10-10 03:45:18,0.001632
ec2-18-232-40-202.compute-1.amazonaws.com:5432,2024-10-10 03:45:19,0.005843
ec2-18-232-40-202.compute-1.amazonaws.com:5432,2024-10-10 04:00:14,0.002628
ec2-18-232-40-202.compute-1.amazonaws.com:5432,2024-10-10 04:00:14,0.001594
ec2-18-232-40-202.compute-1.amazonaws.com:5432,2024-10-10 04:00:15,0.001529
ec2-18-232-40-202.compute-1.amazonaws.com:5432,2024-10-10 04:00:15,0.002074
ec2-18-232-40-202.compute-1.amazonaws.com:5432,2024-10-10 04:00:16,0.001567
ec2-18-232-40-202.compute-1.amazonaws.com:5432,2024-10-10 04:00:16,0.002923
ec2-18-232-40-202.compute-1.amazonaws.com:5432,2024-10-10 04:00:17,0.001581
ec2-18-232-40-202.compute-1.amazonaws.com:5432,2024-10-10 04:00:17,0.001677
ec2-18-232-40-202.compute-1.amazonaws.com:5432,2024-10-10 04:00:18,0.002358
ec2-18-232-40-202.compute-1.amazonaws.com:5432,2024-10-10 04:00:18,0.001544
ec2-18-232-40-202.compute-1.amazonaws.com:5432,2024-10-10 04:15:14,0.002770
ec2-18-232-40-202.compute-1.amazonaws.com:5432,2024-10-10 04:15:14,0.001608
ec2-18-232-40-202.compute-1.amazonaws.com:5432,2024-10-10 04:15:15,0.001614
ec2-18-232-40-202.compute-1.amazonaws.com:5432,2024-10-10 04:15:15,0.001646
ec2-18-232-40-202.compute-1.amazonaws.com:5432,2024-10-10 04:15:16,0.002198
ec2-18-232-40-202.compute-1.amazonaws.com:5432,2024-10-10 04:15:17,0.001521
ec2-18-232-40-202.compute-1.amazonaws.com:5432,2024-10-10 04:15:17,0.001881
ec2-18-232-40-202.compute-1.amazonaws.com:5432,2024-10-10 04:15:18,0.001709
ec2-18-232-40-202.compute-1.amazonaws.com:5432,2024-10-10 04:15:18,0.001599
ec2-18-232-40-202.compute-1.amazonaws.com:5432,2024-10-10 04:15:19,0.006267
ec2-18-232-40-202.compute-1.amazonaws.com:5432,2024-10-10 04:30:15,0.002825
ec2-18-232-40-202.compute-1.amazonaws.com:5432,2024-10-10 04:30:15,0.001733
ec2-18-232-40-202.compute-1.amazonaws.com:5432,2024-10-10 04:30:16,0.001670
ec2-18-232-40-202.compute-1.amazonaws.com:5432,2024-10-10 04:30:16,0.006086
ec2-18-232-40-202.compute-1.amazonaws.com:5432,2024-10-10 04:30:17,0.001629
ec2-18-232-40-202.compute-1.amazonaws.com:5432,2024-10-10 04:30:17,0.001630
ec2-18-232-40-202.compute-1.amazonaws.com:5432,2024-10-10 04:30:18,0.002026
ec2-18-232-40-202.compute-1.amazonaws.com:5432,2024-10-10 04:30:18,0.004793
ec2-18-232-40-202.compute-1.amazonaws.com:5432,2024-10-10 04:30:19,0.006109
ec2-18-232-40-202.compute-1.amazonaws.com:5432,2024-10-10 04:30:19,0.002211
ec2-18-232-40-202.compute-1.amazonaws.com:5432,2024-10-10 04:45:21,0.006364
ec2-18-232-40-202.compute-1.amazonaws.com:5432,2024-10-10 04:45:21,0.005677
ec2-18-232-40-202.compute-1.amazonaws.com:5432,2024-10-10 04:45:22,0.001911
ec2-18-232-40-202.compute-1.amazonaws.com:5432,2024-10-10 04:45:22,0.001750
ec2-18-232-40-202.compute-1.amazonaws.com:5432,2024-10-10 04:45:23,0.005133
ec2-18-232-40-202.compute-1.amazonaws.com:5432,2024-10-10 04:45:24,0.002145
ec2-18-232-40-202.compute-1.amazonaws.com:5432,2024-10-10 04:45:24,0.002700
ec2-18-232-40-202.compute-1.amazonaws.com:5432,2024-10-10 04:45:25,0.003021
ec2-18-232-40-202.compute-1.amazonaws.com:5432,2024-10-10 04:45:25,0.006903
ec2-18-232-40-202.compute-1.amazonaws.com:5432,2024-10-10 04:45:26,0.001640
ec2-18-232-40-202.compute-1.amazonaws.com:5432,2024-10-10 05:00:15,0.003380
ec2-18-232-40-202.compute-1.amazonaws.com:5432,2024-10-10 05:00:15,0.006263
ec2-18-232-40-202.compute-1.amazonaws.com:5432,2024-10-10 05:00:16,0.003162
ec2-18-232-40-202.compute-1.amazonaws.com:5432,2024-10-10 05:00:16,0.001640
ec2-18-232-40-202.compute-1.amazonaws.com:5432,2024-10-10 05:00:17,0.001759
ec2-18-232-40-202.compute-1.amazonaws.com:5432,2024-10-10 05:00:17,0.001578
ec2-18-232-40-202.compute-1.amazonaws.com:5432,2024-10-10 05:00:18,0.002193
ec2-18-232-40-202.compute-1.amazonaws.com:5432,2024-10-10 05:00:18,0.002739
ec2-18-232-40-202.compute-1.amazonaws.com:5432,2024-10-10 05:00:19,0.003661
ec2-18-232-40-202.compute-1.amazonaws.com:5432,2024-10-10 05:00:20,0.001600
ec2-18-232-40-202.compute-1.amazonaws.com:5432,2024-10-10 05:15:14,0.002704
ec2-18-232-40-202.compute-1.amazonaws.com:5432,2024-10-10 05:15:15,0.001939
ec2-18-232-40-202.compute-1.amazonaws.com:5432,2024-10-10 05:15:15,0.001736
ec2-18-232-40-202.compute-1.amazonaws.com:5432,2024-10-10 05:15:16,0.001562
ec2-18-232-40-202.compute-1.amazonaws.com:5432,2024-10-10 05:15:16,0.003656
ec2-18-232-40-202.compute-1.amazonaws.com:5432,2024-10-10 05:15:17,0.003546
ec2-18-232-40-202.compute-1.amazonaws.com:5432,2024-10-10 05:15:17,0.001417
ec2-18-232-40-202.compute-1.amazonaws.com:5432,2024-10-10 05:15:18,0.001779
ec2-18-232-40-202.compute-1.amazonaws.com:5432,2024-10-10 05:15:18,0.009725
ec2-18-232-40-202.compute-1.amazonaws.com:5432,2024-10-10 05:15:19,0.001959
ec2-18-232-40-202.compute-1.amazonaws.com:5432,2024-10-10 05:30:17,0.002602
ec2-18-232-40-202.compute-1.amazonaws.com:5432,2024-10-10 05:30:17,0.001555
ec2-18-232-40-202.compute-1.amazonaws.com:5432,2024-10-10 05:30:18,0.001621
ec2-18-232-40-202.compute-1.amazonaws.com:5432,2024-10-10 05:30:18,0.001576
ec2-18-232-40-202.compute-1.amazonaws.com:5432,2024-10-10 05:30:19,0.001597
ec2-18-232-40-202.compute-1.amazonaws.com:5432,2024-10-10 05:30:19,0.001500
ec2-18-232-40-202.compute-1.amazonaws.com:5432,2024-10-10 05:30:20,0.001616
ec2-18-232-40-202.compute-1.amazonaws.com:5432,2024-10-10 05:30:20,0.001544
ec2-18-232-40-202.compute-1.amazonaws.com:5432,2024-10-10 05:30:21,0.001584
ec2-18-232-40-202.compute-1.amazonaws.com:5432,2024-10-10 05:30:21,0.001553
ec2-18-232-40-202.compute-1.amazonaws.com:5432,2024-10-10 06:00:14,0.002506
ec2-18-232-40-202.compute-1.amazonaws.com:5432,2024-10-10 06:00:14,0.001625
ec2-18-232-40-202.compute-1.amazonaws.com:5432,2024-10-10 06:00:15,0.001999
ec2-18-232-40-202.compute-1.amazonaws.com:5432,2024-10-10 06:00:15,0.001467
ec2-18-232-40-202.compute-1.amazonaws.com:5432,2024-10-10 06:00:16,0.002160
ec2-18-232-40-202.compute-1.amazonaws.com:5432,2024-10-10 06:00:16,0.001559
ec2-18-232-40-202.compute-1.amazonaws.com:5432,2024-10-10 06:00:17,0.001558
ec2-18-232-40-202.compute-1.amazonaws.com:5432,2024-10-10 06:00:17,0.002200
ec2-18-232-40-202.compute-1.amazonaws.com:5432,2024-10-10 06:00:18,0.001794
ec2-18-232-40-202.compute-1.amazonaws.com:5432,2024-10-10 06:00:18,0.001587
ec2-18-232-40-202.compute-1.amazonaws.com:5432,2024-10-10 06:15:15,0.002934
ec2-18-232-40-202.compute-1.amazonaws.com:5432,2024-10-10 06:15:16,0.001673
ec2-18-232-40-202.compute-1.amazonaws.com:5432,2024-10-10 06:15:16,0.001637
ec2-18-232-40-202.compute-1.amazonaws.com:5432,2024-10-10 06:15:17,0.002044
ec2-18-232-40-202.compute-1.amazonaws.com:5432,2024-10-10 06:15:17,0.001551
ec2-18-232-40-202.compute-1.amazonaws.com:5432,2024-10-10 06:15:18,0.002045
ec2-18-232-40-202.compute-1.amazonaws.com:5432,2024-10-10 06:15:19,0.001529
ec2-18-232-40-202.compute-1.amazonaws.com:5432,2024-10-10 06:15:19,0.001558
ec2-18-232-40-202.compute-1.amazonaws.com:5432,2024-10-10 06:15:20,0.007088
ec2-18-232-40-202.compute-1.amazonaws.com:5432,2024-10-10 06:15:20,0.001657
ec2-18-232-40-202.compute-1.amazonaws.com:5432,2024-10-10 06:30:14,0.002763
ec2-18-232-40-202.compute-1.amazonaws.com:5432,2024-10-10 06:30:15,0.001566
ec2-18-232-40-202.compute-1.amazonaws.com:5432,2024-10-10 06:30:15,0.001869
ec2-18-232-40-202.compute-1.amazonaws.com:5432,2024-10-10 06:30:16,0.001843
ec2-18-232-40-202.compute-1.amazonaws.com:5432,2024-10-10 06:30:16,0.001629
ec2-18-232-40-202.compute-1.amazonaws.com:5432,2024-10-10 06:30:17,0.001468
ec2-18-232-40-202.compute-1.amazonaws.com:5432,2024-10-10 06:30:17,0.001540
ec2-18-232-40-202.compute-1.amazonaws.com:5432,2024-10-10 06:30:18,0.002089
ec2-18-232-40-202.compute-1.amazonaws.com:5432,2024-10-10 06:30:18,0.001573
ec2-18-232-40-202.compute-1.amazonaws.com:5432,2024-10-10 06:30:19,0.001642
ec2-18-232-40-202.compute-1.amazonaws.com:5432,2024-10-10 06:45:16,0.003200
ec2-18-232-40-202.compute-1.amazonaws.com:5432,2024-10-10 06:45:16,0.001826
ec2-18-232-40-202.compute-1.amazonaws.com:5432,2024-10-10 06:45:17,0.001875
ec2-18-232-40-202.compute-1.amazonaws.com:5432,2024-10-10 06:45:17,0.001981
ec2-18-232-40-202.compute-1.amazonaws.com:5432,2024-10-10 06:45:18,0.001862
ec2-18-232-40-202.compute-1.amazonaws.com:5432,2024-10-10 06:45:18,0.002106
ec2-18-232-40-202.compute-1.amazonaws.com:5432,2024-10-10 06:45:19,0.001665
ec2-18-232-40-202.compute-1.amazonaws.com:5432,2024-10-10 06:45:19,0.004380
ec2-18-232-40-202.compute-1.amazonaws.com:5432,2024-10-10 06:45:20,0.001552
ec2-18-232-40-202.compute-1.amazonaws.com:5432,2024-10-10 06:45:20,0.001504
ec2-18-232-40-202.compute-1.amazonaws.com:5432,2024-10-10 07:00:17,0.002885
ec2-18-232-40-202.compute-1.amazonaws.com:5432,2024-10-10 07:00:18,0.001695
ec2-18-232-40-202.compute-1.amazonaws.com:5432,2024-10-10 07:00:18,0.001582
ec2-18-232-40-202.compute-1.amazonaws.com:5432,2024-10-10 07:00:19,0.001604
ec2-18-232-40-202.compute-1.amazonaws.com:5432,2024-10-10 07:00:19,0.001666
ec2-18-232-40-202.compute-1.amazonaws.com:5432,2024-10-10 07:00:20,0.001643
ec2-18-232-40-202.compute-1.amazonaws.com:5432,2024-10-10 07:00:20,0.002018
ec2-18-232-40-202.compute-1.amazonaws.com:5432,2024-10-10 07:00:21,0.001620
ec2-18-232-40-202.compute-1.amazonaws.com:5432,2024-10-10 07:00:21,0.001640
ec2-18-232-40-202.compute-1.amazonaws.com:5432,2024-10-10 07:00:22,0.005321
ec2-18-232-40-202.compute-1.amazonaws.com:5432,2024-10-10 07:15:15,0.002927
ec2-18-232-40-202.compute-1.amazonaws.com:5432,2024-10-10 07:15:15,0.001672
ec2-18-232-40-202.compute-1.amazonaws.com:5432,2024-10-10 07:15:16,0.001660
ec2-18-232-40-202.compute-1.amazonaws.com:5432,2024-10-10 07:15:16,0.001543
ec2-18-232-40-202.compute-1.amazonaws.com:5432,2024-10-10 07:15:17,0.001647
ec2-18-232-40-202.compute-1.amazonaws.com:5432,2024-10-10 07:15:17,0.001875
ec2-18-232-40-202.compute-1.amazonaws.com:5432,2024-10-10 07:15:18,0.001689
ec2-18-232-40-202.compute-1.amazonaws.com:5432,2024-10-10 07:15:18,0.001714
ec2-18-232-40-202.compute-1.amazonaws.com:5432,2024-10-10 07:15:19,0.001960
ec2-18-232-40-202.compute-1.amazonaws.com:5432,2024-10-10 07:15:19,0.001728
ec2-18-232-40-202.compute-1.amazonaws.com:5432,2024-10-10 07:30:14,0.003042
ec2-18-232-40-202.compute-1.amazonaws.com:5432,2024-10-10 07:30:14,0.002630
ec2-18-232-40-202.compute-1.amazonaws.com:5432,2024-10-10 07:30:15,0.001531
ec2-18-232-40-202.compute-1.amazonaws.com:5432,2024-10-10 07:30:15,0.001559
ec2-18-232-40-202.compute-1.amazonaws.com:5432,2024-10-10 07:30:16,0.001637
ec2-18-232-40-202.compute-1.amazonaws.com:5432,2024-10-10 07:30:16,0.001543
ec2-18-232-40-202.compute-1.amazonaws.com:5432,2024-10-10 07:30:17,0.001801
ec2-18-232-40-202.compute-1.amazonaws.com:5432,2024-10-10 07:30:17,0.003227
ec2-18-232-40-202.compute-1.amazonaws.com:5432,2024-10-10 07:30:18,0.001825
ec2-18-232-40-202.compute-1.amazonaws.com:5432,2024-10-10 07:30:18,0.003052
ec2-18-232-40-202.compute-1.amazonaws.com:5432,2024-10-10 07:45:13,0.002488
ec2-18-232-40-202.compute-1.amazonaws.com:5432,2024-10-10 07:45:14,0.001571
ec2-18-232-40-202.compute-1.amazonaws.com:5432,2024-10-10 07:45:14,0.001695
ec2-18-232-40-202.compute-1.amazonaws.com:5432,2024-10-10 07:45:15,0.002423
ec2-18-232-40-202.compute-1.amazonaws.com:5432,2024-10-10 07:45:15,0.001561
ec2-18-232-40-202.compute-1.amazonaws.com:5432,2024-10-10 07:45:16,0.001723
ec2-18-232-40-202.compute-1.amazonaws.com:5432,2024-10-10 07:45:16,0.001752
ec2-18-232-40-202.compute-1.amazonaws.com:5432,2024-10-10 07:45:17,0.001892
ec2-18-232-40-202.compute-1.amazonaws.com:5432,2024-10-10 07:45:17,0.004257
ec2-18-232-40-202.compute-1.amazonaws.com:5432,2024-10-10 07:45:18,0.001773
ec2-18-232-40-202.compute-1.amazonaws.com:5432,2024-10-10 08:00:15,0.002674
ec2-18-232-40-202.compute-1.amazonaws.com:5432,2024-10-10 08:00:15,0.003043
ec2-18-232-40-202.compute-1.amazonaws.com:5432,2024-10-10 08:00:16,0.001707
ec2-18-232-40-202.compute-1.amazonaws.com:5432,2024-10-10 08:00:16,0.001631
ec2-18-232-40-202.compute-1.amazonaws.com:5432,2024-10-10 08:00:17,0.001625
ec2-18-232-40-202.compute-1.amazonaws.com:5432,2024-10-10 08:00:17,0.003612
ec2-18-232-40-202.compute-1.amazonaws.com:5432,2024-10-10 08:00:18,0.006017
ec2-18-232-40-202.compute-1.amazonaws.com:5432,2024-10-10 08:00:18,0.001729
ec2-18-232-40-202.compute-1.amazonaws.com:5432,2024-10-10 08:00:19,0.001835
ec2-18-232-40-202.compute-1.amazonaws.com:5432,2024-10-10 08:00:19,0.007533
ec2-18-232-40-202.compute-1.amazonaws.com:5432,2024-10-10 08:15:17,0.003152
ec2-18-232-40-202.compute-1.amazonaws.com:5432,2024-10-10 08:15:18,0.003769
ec2-18-232-40-202.compute-1.amazonaws.com:5432,2024-10-10 08:15:18,0.001654
ec2-18-232-40-202.compute-1.amazonaws.com:5432,2024-10-10 08:15:19,0.005261
ec2-18-232-40-202.compute-1.amazonaws.com:5432,2024-10-10 08:15:20,0.001662
ec2-18-232-40-202.compute-1.amazonaws.com:5432,2024-10-10 08:15:20,0.003821
ec2-18-232-40-202.compute-1.amazonaws.com:5432,2024-10-10 08:15:21,0.005007
ec2-18-232-40-202.compute-1.amazonaws.com:5432,2024-10-10 08:15:21,0.001641
ec2-18-232-40-202.compute-1.amazonaws.com:5432,2024-10-10 08:15:22,0.006366
ec2-18-232-40-202.compute-1.amazonaws.com:5432,2024-10-10 08:15:22,0.004205
ec2-18-232-40-202.compute-1.amazonaws.com:5432,2024-10-10 08:30:16,0.003129
ec2-18-232-40-202.compute-1.amazonaws.com:5432,2024-10-10 08:30:17,0.002143
ec2-18-232-40-202.compute-1.amazonaws.com:5432,2024-10-10 08:30:17,0.004468
ec2-18-232-40-202.compute-1.amazonaws.com:5432,2024-10-10 08:30:18,0.007894
ec2-18-232-40-202.compute-1.amazonaws.com:5432,2024-10-10 08:30:18,0.001525
ec2-18-232-40-202.compute-1.amazonaws.com:5432,2024-10-10 08:30:19,0.002087
ec2-18-232-40-202.compute-1.amazonaws.com:5432,2024-10-10 08:30:19,0.003590
ec2-18-232-40-202.compute-1.amazonaws.com:5432,2024-10-10 08:30:20,0.001768
ec2-18-232-40-202.compute-1.amazonaws.com:5432,2024-10-10 08:30:20,0.002714
ec2-18-232-40-202.compute-1.amazonaws.com:5432,2024-10-10 08:30:21,0.007690
ec2-18-232-40-202.compute-1.amazonaws.com:5432,2024-10-10 08:45:14,0.002574
ec2-18-232-40-202.compute-1.amazonaws.com:5432,2024-10-10 08:45:15,0.004205
ec2-18-232-40-202.compute-1.amazonaws.com:5432,2024-10-10 08:45:15,0.003788
ec2-18-232-40-202.compute-1.amazonaws.com:5432,2024-10-10 08:45:16,0.006834
ec2-18-232-40-202.compute-1.amazonaws.com:5432,2024-10-10 08:45:16,0.005558
ec2-18-232-40-202.compute-1.amazonaws.com:5432,2024-10-10 08:45:17,0.001779
ec2-18-232-40-202.compute-1.amazonaws.com:5432,2024-10-10 08:45:17,0.001893
ec2-18-232-40-202.compute-1.amazonaws.com:5432,2024-10-10 08:45:18,0.001902
ec2-18-232-40-202.compute-1.amazonaws.com:5432,2024-10-10 08:45:18,0.005711
ec2-18-232-40-202.compute-1.amazonaws.com:5432,2024-10-10 08:45:19,0.001847
ec2-18-232-40-202.compute-1.amazonaws.com:5432,2024-10-10 09:00:13,0.003956
ec2-18-232-40-202.compute-1.amazonaws.com:5432,2024-10-10 09:00:14,0.016572
ec2-18-232-40-202.compute-1.amazonaws.com:5432,2024-10-10 09:00:14,0.007152
ec2-18-232-40-202.compute-1.amazonaws.com:5432,2024-10-10 09:00:15,0.002461
ec2-18-232-40-202.compute-1.amazonaws.com:5432,2024-10-10 09:00:15,0.007929
ec2-18-232-40-202.compute-1.amazonaws.com:5432,2024-10-10 09:00:16,0.001747
ec2-18-232-40-202.compute-1.amazonaws.com:5432,2024-10-10 09:00:16,0.007378
ec2-18-232-40-202.compute-1.amazonaws.com:5432,2024-10-10 09:00:17,0.003166
ec2-18-232-40-202.compute-1.amazonaws.com:5432,2024-10-10 09:00:17,0.010581
ec2-18-232-40-202.compute-1.amazonaws.com:5432,2024-10-10 09:00:18,0.003418
ec2-18-232-40-202.compute-1.amazonaws.com:5432,2024-10-10 09:15:13,0.007564
ec2-18-232-40-202.compute-1.amazonaws.com:5432,2024-10-10 09:15:14,0.007487
ec2-18-232-40-202.compute-1.amazonaws.com:5432,2024-10-10 09:15:15,0.004136
ec2-18-232-40-202.compute-1.amazonaws.com:5432,2024-10-10 09:15:15,0.005397
ec2-18-232-40-202.compute-1.amazonaws.com:5432,2024-10-10 09:15:16,0.003225
ec2-18-232-40-202.compute-1.amazonaws.com:5432,2024-10-10 09:15:16,0.002318
ec2-18-232-40-202.compute-1.amazonaws.com:5432,2024-10-10 09:15:17,0.002153
ec2-18-232-40-202.compute-1.amazonaws.com:5432,2024-10-10 09:15:17,0.009482
ec2-18-232-40-202.compute-1.amazonaws.com:5432,2024-10-10 09:15:18,0.001628
ec2-18-232-40-202.compute-1.amazonaws.com:5432,2024-10-10 09:15:18,0.004264
ec2-18-232-40-202.compute-1.amazonaws.com:5432,2024-10-10 09:30:14,0.002654
ec2-18-232-40-202.compute-1.amazonaws.com:5432,2024-10-10 09:30:14,0.001910
ec2-18-232-40-202.compute-1.amazonaws.com:5432,2024-10-10 09:30:15,0.002610
ec2-18-232-40-202.compute-1.amazonaws.com:5432,2024-10-10 09:30:15,0.003385
ec2-18-232-40-202.compute-1.amazonaws.com:5432,2024-10-10 09:30:16,0.003672
ec2-18-232-40-202.compute-1.amazonaws.com:5432,2024-10-10 09:30:16,0.002560
ec2-18-232-40-202.compute-1.amazonaws.com:5432,2024-10-10 09:30:17,0.006211
ec2-18-232-40-202.compute-1.amazonaws.com:5432,2024-10-10 09:30:17,0.001763
ec2-18-232-40-202.compute-1.amazonaws.com:5432,2024-10-10 09:30:18,0.001611
ec2-18-232-40-202.compute-1.amazonaws.com:5432,2024-10-10 09:30:18,0.001671
ec2-18-232-40-202.compute-1.amazonaws.com:5432,2024-10-10 09:45:14,0.012819
ec2-18-232-40-202.compute-1.amazonaws.com:5432,2024-10-10 09:45:14,0.001764
ec2-18-232-40-202.compute-1.amazonaws.com:5432,2024-10-10 09:45:15,0.002162
ec2-18-232-40-202.compute-1.amazonaws.com:5432,2024-10-10 09:45:15,0.005176
ec2-18-232-40-202.compute-1.amazonaws.com:5432,2024-10-10 09:45:16,0.001562
ec2-18-232-40-202.compute-1.amazonaws.com:5432,2024-10-10 09:45:16,0.001673
ec2-18-232-40-202.compute-1.amazonaws.com:5432,2024-10-10 09:45:17,0.001934
ec2-18-232-40-202.compute-1.amazonaws.com:5432,2024-10-10 09:45:18,0.003474
ec2-18-232-40-202.compute-1.amazonaws.com:5432,2024-10-10 09:45:18,0.003028
ec2-18-232-40-202.compute-1.amazonaws.com:5432,2024-10-10 09:45:19,0.002100
ec2-18-232-40-202.compute-1.amazonaws.com:5432,2024-10-10 10:15:16,0.003638
ec2-18-232-40-202.compute-1.amazonaws.com:5432,2024-10-10 10:15:17,0.001552
ec2-18-232-40-202.compute-1.amazonaws.com:5432,2024-10-10 10:15:17,0.001569
ec2-18-232-40-202.compute-1.amazonaws.com:5432,2024-10-10 10:15:18,0.002797
ec2-18-232-40-202.compute-1.amazonaws.com:5432,2024-10-10 10:15:18,0.002430
ec2-18-232-40-202.compute-1.amazonaws.com:5432,2024-10-10 10:15:19,0.004582
ec2-18-232-40-202.compute-1.amazonaws.com:5432,2024-10-10 10:15:19,0.001859
ec2-18-232-40-202.compute-1.amazonaws.com:5432,2024-10-10 10:15:20,0.001578
ec2-18-232-40-202.compute-1.amazonaws.com:5432,2024-10-10 10:15:20,0.001662
ec2-18-232-40-202.compute-1.amazonaws.com:5432,2024-10-10 10:15:21,0.001673
ec2-18-232-40-202.compute-1.amazonaws.com:5432,2024-10-10 10:30:14,0.004033
ec2-18-232-40-202.compute-1.amazonaws.com:5432,2024-10-10 10:30:15,0.001609
ec2-18-232-40-202.compute-1.amazonaws.com:5432,2024-10-10 10:30:15,0.001742
ec2-18-232-40-202.compute-1.amazonaws.com:5432,2024-10-10 10:30:16,0.001610
ec2-18-232-40-202.compute-1.amazonaws.com:5432,2024-10-10 10:30:16,0.001650
ec2-18-232-40-202.compute-1.amazonaws.com:5432,2024-10-10 10:30:17,0.001873
ec2-18-232-40-202.compute-1.amazonaws.com:5432,2024-10-10 10:30:17,0.004778
ec2-18-232-40-202.compute-1.amazonaws.com:5432,2024-10-10 10:30:18,0.001670
ec2-18-232-40-202.compute-1.amazonaws.com:5432,2024-10-10 10:30:19,0.001660
ec2-18-232-40-202.compute-1.amazonaws.com:5432,2024-10-10 10:30:19,0.001559
ec2-18-232-40-202.compute-1.amazonaws.com:5432,2024-10-10 10:45:17,0.002595
ec2-18-232-40-202.compute-1.amazonaws.com:5432,2024-10-10 10:45:18,0.001557
ec2-18-232-40-202.compute-1.amazonaws.com:5432,2024-10-10 10:45:18,0.001697
ec2-18-232-40-202.compute-1.amazonaws.com:5432,2024-10-10 10:45:19,0.001698
ec2-18-232-40-202.compute-1.amazonaws.com:5432,2024-10-10 10:45:19,0.001653
ec2-18-232-40-202.compute-1.amazonaws.com:5432,2024-10-10 10:45:20,0.001612
ec2-18-232-40-202.compute-1.amazonaws.com:5432,2024-10-10 10:45:20,0.002012
ec2-18-232-40-202.compute-1.amazonaws.com:5432,2024-10-10 10:45:21,0.001662
ec2-18-232-40-202.compute-1.amazonaws.com:5432,2024-10-10 10:45:21,0.004552
ec2-18-232-40-202.compute-1.amazonaws.com:5432,2024-10-10 10:45:22,0.001603
ec2-18-232-40-202.compute-1.amazonaws.com:5432,2024-10-10 11:00:17,0.002716
ec2-18-232-40-202.compute-1.amazonaws.com:5432,2024-10-10 11:00:18,0.001735
ec2-18-232-40-202.compute-1.amazonaws.com:5432,2024-10-10 11:00:18,0.001656
ec2-18-232-40-202.compute-1.amazonaws.com:5432,2024-10-10 11:00:19,0.005917
ec2-18-232-40-202.compute-1.amazonaws.com:5432,2024-10-10 11:00:19,0.001741
ec2-18-232-40-202.compute-1.amazonaws.com:5432,2024-10-10 11:00:20,0.003177
ec2-18-232-40-202.compute-1.amazonaws.com:5432,2024-10-10 11:00:20,0.001678
ec2-18-232-40-202.compute-1.amazonaws.com:5432,2024-10-10 11:00:21,0.002930
ec2-18-232-40-202.compute-1.amazonaws.com:5432,2024-10-10 11:00:21,0.001888
ec2-18-232-40-202.compute-1.amazonaws.com:5432,2024-10-10 11:00:22,0.001579
ec2-18-232-40-202.compute-1.amazonaws.com:5432,2024-10-10 11:15:13,0.002596
ec2-18-232-40-202.compute-1.amazonaws.com:5432,2024-10-10 11:15:14,0.002194
ec2-18-232-40-202.compute-1.amazonaws.com:5432,2024-10-10 11:15:14,0.001602
ec2-18-232-40-202.compute-1.amazonaws.com:5432,2024-10-10 11:15:15,0.001533
ec2-18-232-40-202.compute-1.amazonaws.com:5432,2024-10-10 11:15:15,0.001606
ec2-18-232-40-202.compute-1.amazonaws.com:5432,2024-10-10 11:15:16,0.001631
ec2-18-232-40-202.compute-1.amazonaws.com:5432,2024-10-10 11:15:16,0.001609
ec2-18-232-40-202.compute-1.amazonaws.com:5432,2024-10-10 11:15:17,0.001512
ec2-18-232-40-202.compute-1.amazonaws.com:5432,2024-10-10 11:15:17,0.001544
ec2-18-232-40-202.compute-1.amazonaws.com:5432,2024-10-10 11:15:18,0.001595
ec2-18-232-40-202.compute-1.amazonaws.com:5432,2024-10-10 11:30:14,0.002891
ec2-18-232-40-202.compute-1.amazonaws.com:5432,2024-10-10 11:30:15,0.006282
ec2-18-232-40-202.compute-1.amazonaws.com:5432,2024-10-10 11:30:15,0.003440
ec2-18-232-40-202.compute-1.amazonaws.com:5432,2024-10-10 11:30:16,0.001526
ec2-18-232-40-202.compute-1.amazonaws.com:5432,2024-10-10 11:30:16,0.002706
ec2-18-232-40-202.compute-1.amazonaws.com:5432,2024-10-10 11:30:17,0.002516
ec2-18-232-40-202.compute-1.amazonaws.com:5432,2024-10-10 11:30:17,0.001613
ec2-18-232-40-202.compute-1.amazonaws.com:5432,2024-10-10 11:30:18,0.001725
ec2-18-232-40-202.compute-1.amazonaws.com:5432,2024-10-10 11:30:18,0.001567
ec2-18-232-40-202.compute-1.amazonaws.com:5432,2024-10-10 11:30:19,0.005310
ec2-18-232-40-202.compute-1.amazonaws.com:5432,2024-10-10 11:45:15,0.003193
ec2-18-232-40-202.compute-1.amazonaws.com:5432,2024-10-10 11:45:15,0.002198
ec2-18-232-40-202.compute-1.amazonaws.com:5432,2024-10-10 11:45:16,0.001571
ec2-18-232-40-202.compute-1.amazonaws.com:5432,2024-10-10 11:45:16,0.001620
ec2-18-232-40-202.compute-1.amazonaws.com:5432,2024-10-10 11:45:17,0.001751
ec2-18-232-40-202.compute-1.amazonaws.com:5432,2024-10-10 11:45:17,0.001605
ec2-18-232-40-202.compute-1.amazonaws.com:5432,2024-10-10 11:45:18,0.005882
ec2-18-232-40-202.compute-1.amazonaws.com:5432,2024-10-10 11:45:18,0.001422
ec2-18-232-40-202.compute-1.amazonaws.com:5432,2024-10-10 11:45:19,0.002012
ec2-18-232-40-202.compute-1.amazonaws.com:5432,2024-10-10 11:45:19,0.001526
ec2-18-232-40-202.compute-1.amazonaws.com:5432,2024-10-10 12:00:15,0.002692
ec2-18-232-40-202.compute-1.amazonaws.com:5432,2024-10-10 12:00:15,0.001570
ec2-18-232-40-202.compute-1.amazonaws.com:5432,2024-10-10 12:00:16,0.001636
ec2-18-232-40-202.compute-1.amazonaws.com:5432,2024-10-10 12:00:16,0.001729
ec2-18-232-40-202.compute-1.amazonaws.com:5432,2024-10-10 12:00:17,0.001495
ec2-18-232-40-202.compute-1.amazonaws.com:5432,2024-10-10 12:00:17,0.001715
ec2-18-232-40-202.compute-1.amazonaws.com:5432,2024-10-10 12:00:18,0.001587
ec2-18-232-40-202.compute-1.amazonaws.com:5432,2024-10-10 12:00:18,0.001746
ec2-18-232-40-202.compute-1.amazonaws.com:5432,2024-10-10 12:00:19,0.001822
ec2-18-232-40-202.compute-1.amazonaws.com:5432,2024-10-10 12:00:19,0.001629
ec2-18-232-40-202.compute-1.amazonaws.com:5432,2024-10-10 12:15:13,0.015083
ec2-18-232-40-202.compute-1.amazonaws.com:5432,2024-10-10 12:15:13,0.001813
ec2-18-232-40-202.compute-1.amazonaws.com:5432,2024-10-10 12:15:14,0.001642
ec2-18-232-40-202.compute-1.amazonaws.com:5432,2024-10-10 12:15:14,0.001935
ec2-18-232-40-202.compute-1.amazonaws.com:5432,2024-10-10 12:15:15,0.001721
ec2-18-232-40-202.compute-1.amazonaws.com:5432,2024-10-10 12:15:15,0.002812
ec2-18-232-40-202.compute-1.amazonaws.com:5432,2024-10-10 12:15:16,0.001565
ec2-18-232-40-202.compute-1.amazonaws.com:5432,2024-10-10 12:15:16,0.001717
ec2-18-232-40-202.compute-1.amazonaws.com:5432,2024-10-10 12:15:17,0.001624
ec2-18-232-40-202.compute-1.amazonaws.com:5432,2024-10-10 12:15:17,0.001962
ec2-18-232-40-202.compute-1.amazonaws.com:5432,2024-10-10 12:30:14,0.002928
ec2-18-232-40-202.compute-1.amazonaws.com:5432,2024-10-10 12:30:14,0.001674
ec2-18-232-40-202.compute-1.amazonaws.com:5432,2024-10-10 12:30:15,0.001965
ec2-18-232-40-202.compute-1.amazonaws.com:5432,2024-10-10 12:30:15,0.001690
ec2-18-232-40-202.compute-1.amazonaws.com:5432,2024-10-10 12:30:16,0.004386
ec2-18-232-40-202.compute-1.amazonaws.com:5432,2024-10-10 12:30:16,0.010097
ec2-18-232-40-202.compute-1.amazonaws.com:5432,2024-10-10 12:30:17,0.001690
ec2-18-232-40-202.compute-1.amazonaws.com:5432,2024-10-10 12:30:17,0.001435
ec2-18-232-40-202.compute-1.amazonaws.com:5432,2024-10-10 12:30:18,0.002207
ec2-18-232-40-202.compute-1.amazonaws.com:5432,2024-10-10 12:30:18,0.002034
ec2-18-232-40-202.compute-1.amazonaws.com:5432,2024-10-10 12:45:15,0.005158
ec2-18-232-40-202.compute-1.amazonaws.com:5432,2024-10-10 12:45:15,0.002246
ec2-18-232-40-202.compute-1.amazonaws.com:5432,2024-10-10 12:45:16,0.001718
ec2-18-232-40-202.compute-1.amazonaws.com:5432,2024-10-10 12:45:16,0.001943
ec2-18-232-40-202.compute-1.amazonaws.com:5432,2024-10-10 12:45:17,0.001560
ec2-18-232-40-202.compute-1.amazonaws.com:5432,2024-10-10 12:45:18,0.001630
ec2-18-232-40-202.compute-1.amazonaws.com:5432,2024-10-10 12:45:18,0.001657
ec2-18-232-40-202.compute-1.amazonaws.com:5432,2024-10-10 12:45:19,0.002018
ec2-18-232-40-202.compute-1.amazonaws.com:5432,2024-10-10 12:45:19,0.002087
ec2-18-232-40-202.compute-1.amazonaws.com:5432,2024-10-10 12:45:20,0.001858
ec2-18-232-40-202.compute-1.amazonaws.com:5432,2024-10-10 13:00:14,0.005493
ec2-18-232-40-202.compute-1.amazonaws.com:5432,2024-10-10 13:00:15,0.001544
ec2-18-232-40-202.compute-1.amazonaws.com:5432,2024-10-10 13:00:15,0.004216
ec2-18-232-40-202.compute-1.amazonaws.com:5432,2024-10-10 13:00:16,0.001522
ec2-18-232-40-202.compute-1.amazonaws.com:5432,2024-10-10 13:00:16,0.006227
ec2-18-232-40-202.compute-1.amazonaws.com:5432,2024-10-10 13:00:17,0.001595
ec2-18-232-40-202.compute-1.amazonaws.com:5432,2024-10-10 13:00:17,0.004337
ec2-18-232-40-202.compute-1.amazonaws.com:5432,2024-10-10 13:00:18,0.003152
ec2-18-232-40-202.compute-1.amazonaws.com:5432,2024-10-10 13:00:18,0.005685
ec2-18-232-40-202.compute-1.amazonaws.com:5432,2024-10-10 13:00:19,0.004230
ec2-18-232-40-202.compute-1.amazonaws.com:5432,2024-10-10 13:15:15,0.017755
ec2-18-232-40-202.compute-1.amazonaws.com:5432,2024-10-10 13:15:16,0.010822
ec2-18-232-40-202.compute-1.amazonaws.com:5432,2024-10-10 13:15:17,0.002939
ec2-18-232-40-202.compute-1.amazonaws.com:5432,2024-10-10 13:15:17,0.001703
ec2-18-232-40-202.compute-1.amazonaws.com:5432,2024-10-10 13:15:18,0.003436
ec2-18-232-40-202.compute-1.amazonaws.com:5432,2024-10-10 13:15:18,0.001657
ec2-18-232-40-202.compute-1.amazonaws.com:5432,2024-10-10 13:15:19,0.009184
ec2-18-232-40-202.compute-1.amazonaws.com:5432,2024-10-10 13:15:19,0.011898
ec2-18-232-40-202.compute-1.amazonaws.com:5432,2024-10-10 13:15:20,0.004004
ec2-18-232-40-202.compute-1.amazonaws.com:5432,2024-10-10 13:15:20,0.009773
ec2-18-232-40-202.compute-1.amazonaws.com:5432,2024-10-10 13:30:22,0.010476
ec2-18-232-40-202.compute-1.amazonaws.com:5432,2024-10-10 13:30:22,0.001898
ec2-18-232-40-202.compute-1.amazonaws.com:5432,2024-10-10 13:30:23,0.005742
ec2-18-232-40-202.compute-1.amazonaws.com:5432,2024-10-10 13:30:23,0.001637
ec2-18-232-40-202.compute-1.amazonaws.com:5432,2024-10-10 13:30:24,0.001567
ec2-18-232-40-202.compute-1.amazonaws.com:5432,2024-10-10 13:30:24,0.005111
ec2-18-232-40-202.compute-1.amazonaws.com:5432,2024-10-10 13:30:25,0.001636
ec2-18-232-40-202.compute-1.amazonaws.com:5432,2024-10-10 13:30:25,0.001618
ec2-18-232-40-202.compute-1.amazonaws.com:5432,2024-10-10 13:30:26,0.012565
ec2-18-232-40-202.compute-1.amazonaws.com:5432,2024-10-10 13:30:26,0.011606
ec2-18-232-40-202.compute-1.amazonaws.com:5432,2024-10-10 13:45:17,0.004850
ec2-18-232-40-202.compute-1.amazonaws.com:5432,2024-10-10 13:45:18,0.001593
ec2-18-232-40-202.compute-1.amazonaws.com:5432,2024-10-10 13:45:18,0.001614
ec2-18-232-40-202.compute-1.amazonaws.com:5432,2024-10-10 13:45:19,0.001568
ec2-18-232-40-202.compute-1.amazonaws.com:5432,2024-10-10 13:45:19,0.001854
ec2-18-232-40-202.compute-1.amazonaws.com:5432,2024-10-10 13:45:20,0.001986
ec2-18-232-40-202.compute-1.amazonaws.com:5432,2024-10-10 13:45:20,0.001578
ec2-18-232-40-202.compute-1.amazonaws.com:5432,2024-10-10 13:45:21,0.010779
ec2-18-232-40-202.compute-1.amazonaws.com:5432,2024-10-10 13:45:21,0.007574
ec2-18-232-40-202.compute-1.amazonaws.com:5432,2024-10-10 13:45:22,0.002212
ec2-18-232-40-202.compute-1.amazonaws.com:5432,2024-10-10 14:00:15,0.011993
ec2-18-232-40-202.compute-1.amazonaws.com:5432,2024-10-10 14:00:16,0.006333
ec2-18-232-40-202.compute-1.amazonaws.com:5432,2024-10-10 14:00:16,0.009108
ec2-18-232-40-202.compute-1.amazonaws.com:5432,2024-10-10 14:00:17,0.010225
ec2-18-232-40-202.compute-1.amazonaws.com:5432,2024-10-10 14:00:17,0.008426
ec2-18-232-40-202.compute-1.amazonaws.com:5432,2024-10-10 14:00:18,0.005516
ec2-18-232-40-202.compute-1.amazonaws.com:5432,2024-10-10 14:00:18,0.002063
ec2-18-232-40-202.compute-1.amazonaws.com:5432,2024-10-10 14:00:19,0.010284
ec2-18-232-40-202.compute-1.amazonaws.com:5432,2024-10-10 14:00:19,0.005726
ec2-18-232-40-202.compute-1.amazonaws.com:5432,2024-10-10 14:00:20,0.014155
ec2-18-232-40-202.compute-1.amazonaws.com:5432,2024-10-10 14:15:14,0.002631
ec2-18-232-40-202.compute-1.amazonaws.com:5432,2024-10-10 14:15:14,0.026481
ec2-18-232-40-202.compute-1.amazonaws.com:5432,2024-10-10 14:15:15,0.001699
ec2-18-232-40-202.compute-1.amazonaws.com:5432,2024-10-10 14:15:15,0.001670
ec2-18-232-40-202.compute-1.amazonaws.com:5432,2024-10-10 14:15:16,0.001687
ec2-18-232-40-202.compute-1.amazonaws.com:5432,2024-10-10 14:15:16,0.002107
ec2-18-232-40-202.compute-1.amazonaws.com:5432,2024-10-10 14:15:17,0.006196
ec2-18-232-40-202.compute-1.amazonaws.com:5432,2024-10-10 14:15:18,0.013684
ec2-18-232-40-202.compute-1.amazonaws.com:5432,2024-10-10 14:15:18,0.003838
ec2-18-232-40-202.compute-1.amazonaws.com:5432,2024-10-10 14:15:19,0.004604
ec2-18-232-40-202.compute-1.amazonaws.com:5432,2024-10-10 14:30:18,0.010274
ec2-18-232-40-202.compute-1.amazonaws.com:5432,2024-10-10 14:30:18,0.008999
ec2-18-232-40-202.compute-1.amazonaws.com:5432,2024-10-10 14:30:19,0.009945
ec2-18-232-40-202.compute-1.amazonaws.com:5432,2024-10-10 14:30:19,0.009060
ec2-18-232-40-202.compute-1.amazonaws.com:5432,2024-10-10 14:30:20,0.014208
ec2-18-232-40-202.compute-1.amazonaws.com:5432,2024-10-10 14:30:20,0.010641
ec2-18-232-40-202.compute-1.amazonaws.com:5432,2024-10-10 14:30:21,0.006466
ec2-18-232-40-202.compute-1.amazonaws.com:5432,2024-10-10 14:30:22,0.007877
ec2-18-232-40-202.compute-1.amazonaws.com:5432,2024-10-10 14:30:22,0.012083
ec2-18-232-40-202.compute-1.amazonaws.com:5432,2024-10-10 14:30:23,0.008906
ec2-18-232-40-202.compute-1.amazonaws.com:5432,2024-10-10 14:45:16,0.002660
ec2-18-232-40-202.compute-1.amazonaws.com:5432,2024-10-10 14:45:16,0.001618
ec2-18-232-40-202.compute-1.amazonaws.com:5432,2024-10-10 14:45:17,0.004203
ec2-18-232-40-202.compute-1.amazonaws.com:5432,2024-10-10 14:45:17,0.003641
ec2-18-232-40-202.compute-1.amazonaws.com:5432,2024-10-10 14:45:18,0.007998
ec2-18-232-40-202.compute-1.amazonaws.com:5432,2024-10-10 14:45:18,0.008338
ec2-18-232-40-202.compute-1.amazonaws.com:5432,2024-10-10 14:45:19,0.004893
ec2-18-232-40-202.compute-1.amazonaws.com:5432,2024-10-10 14:45:19,0.011655
ec2-18-232-40-202.compute-1.amazonaws.com:5432,2024-10-10 14:45:20,0.001929
ec2-18-232-40-202.compute-1.amazonaws.com:5432,2024-10-10 14:45:20,0.006932
ec2-18-232-40-202.compute-1.amazonaws.com:5432,2024-10-10 15:00:14,0.003848
ec2-18-232-40-202.compute-1.amazonaws.com:5432,2024-10-10 15:00:15,0.001736
ec2-18-232-40-202.compute-1.amazonaws.com:5432,2024-10-10 15:00:15,0.001588
ec2-18-232-40-202.compute-1.amazonaws.com:5432,2024-10-10 15:00:16,0.002690
ec2-18-232-40-202.compute-1.amazonaws.com:5432,2024-10-10 15:00:16,0.001742
ec2-18-232-40-202.compute-1.amazonaws.com:5432,2024-10-10 15:00:17,0.001727
ec2-18-232-40-202.compute-1.amazonaws.com:5432,2024-10-10 15:00:17,0.001633
ec2-18-232-40-202.compute-1.amazonaws.com:5432,2024-10-10 15:00:18,0.001609
ec2-18-232-40-202.compute-1.amazonaws.com:5432,2024-10-10 15:00:18,0.001606
ec2-18-232-40-202.compute-1.amazonaws.com:5432,2024-10-10 15:00:19,0.002199
ec2-18-232-40-202.compute-1.amazonaws.com:5432,2024-10-10 15:15:19,0.010812
ec2-18-232-40-202.compute-1.amazonaws.com:5432,2024-10-10 15:15:19,0.004950
ec2-18-232-40-202.compute-1.amazonaws.com:5432,2024-10-10 15:15:20,0.007653
ec2-18-232-40-202.compute-1.amazonaws.com:5432,2024-10-10 15:15:21,0.006610
ec2-18-232-40-202.compute-1.amazonaws.com:5432,2024-10-10 15:15:21,0.003712
ec2-18-232-40-202.compute-1.amazonaws.com:5432,2024-10-10 15:15:22,0.001938
ec2-18-232-40-202.compute-1.amazonaws.com:5432,2024-10-10 15:15:22,0.003608
ec2-18-232-40-202.compute-1.amazonaws.com:5432,2024-10-10 15:15:23,0.016571
ec2-18-232-40-202.compute-1.amazonaws.com:5432,2024-10-10 15:15:23,0.003839
ec2-18-232-40-202.compute-1.amazonaws.com:5432,2024-10-10 15:15:24,0.004787
ec2-18-232-40-202.compute-1.amazonaws.com:5432,2024-10-10 15:30:17,0.003254
ec2-18-232-40-202.compute-1.amazonaws.com:5432,2024-10-10 15:30:17,0.014068
ec2-18-232-40-202.compute-1.amazonaws.com:5432,2024-10-10 15:30:18,0.003619
ec2-18-232-40-202.compute-1.amazonaws.com:5432,2024-10-10 15:30:18,0.002909
ec2-18-232-40-202.compute-1.amazonaws.com:5432,2024-10-10 15:30:19,0.009855
ec2-18-232-40-202.compute-1.amazonaws.com:5432,2024-10-10 15:30:19,0.008549
ec2-18-232-40-202.compute-1.amazonaws.com:5432,2024-10-10 15:30:20,0.004878
ec2-18-232-40-202.compute-1.amazonaws.com:5432,2024-10-10 15:30:20,0.004567
ec2-18-232-40-202.compute-1.amazonaws.com:5432,2024-10-10 15:30:21,0.002760
ec2-18-232-40-202.compute-1.amazonaws.com:5432,2024-10-10 15:30:21,0.003186
ec2-18-232-40-202.compute-1.amazonaws.com:5432,2024-10-10 15:45:16,0.012045
ec2-18-232-40-202.compute-1.amazonaws.com:5432,2024-10-10 15:45:16,0.001473
ec2-18-232-40-202.compute-1.amazonaws.com:5432,2024-10-10 15:45:17,0.001404
ec2-18-232-40-202.compute-1.amazonaws.com:5432,2024-10-10 15:45:17,0.001450
ec2-18-232-40-202.compute-1.amazonaws.com:5432,2024-10-10 15:45:18,0.001581
ec2-18-232-40-202.compute-1.amazonaws.com:5432,2024-10-10 15:45:18,0.001438
ec2-18-232-40-202.compute-1.amazonaws.com:5432,2024-10-10 15:45:19,0.001494
ec2-18-232-40-202.compute-1.amazonaws.com:5432,2024-10-10 15:45:20,0.001402
ec2-18-232-40-202.compute-1.amazonaws.com:5432,2024-10-10 15:45:20,0.001376
ec2-18-232-40-202.compute-1.amazonaws.com:5432,2024-10-10 15:45:21,0.001408
ec2-18-232-40-202.compute-1.amazonaws.com:5432,2024-10-10 16:00:19,0.010583
ec2-18-232-40-202.compute-1.amazonaws.com:5432,2024-10-10 16:00:19,0.007793
ec2-18-232-40-202.compute-1.amazonaws.com:5432,2024-10-10 16:00:20,0.011182
ec2-18-232-40-202.compute-1.amazonaws.com:5432,2024-10-10 16:00:21,0.011804
ec2-18-232-40-202.compute-1.amazonaws.com:5432,2024-10-10 16:00:21,0.014239
ec2-18-232-40-202.compute-1.amazonaws.com:5432,2024-10-10 16:00:22,0.006471
ec2-18-232-40-202.compute-1.amazonaws.com:5432,2024-10-10 16:00:22,0.002510
ec2-18-232-40-202.compute-1.amazonaws.com:5432,2024-10-10 16:00:23,0.002487
ec2-18-232-40-202.compute-1.amazonaws.com:5432,2024-10-10 16:00:23,0.014277
ec2-18-232-40-202.compute-1.amazonaws.com:5432,2024-10-10 16:00:24,0.007693
ec2-18-232-40-202.compute-1.amazonaws.com:5432,2024-10-10 16:15:14,0.002492
ec2-18-232-40-202.compute-1.amazonaws.com:5432,2024-10-10 16:15:15,0.001440
ec2-18-232-40-202.compute-1.amazonaws.com:5432,2024-10-10 16:15:15,0.001633
ec2-18-232-40-202.compute-1.amazonaws.com:5432,2024-10-10 16:15:16,0.001713
ec2-18-232-40-202.compute-1.amazonaws.com:5432,2024-10-10 16:15:16,0.001501
ec2-18-232-40-202.compute-1.amazonaws.com:5432,2024-10-10 16:15:17,0.001490
ec2-18-232-40-202.compute-1.amazonaws.com:5432,2024-10-10 16:15:17,0.001646
ec2-18-232-40-202.compute-1.amazonaws.com:5432,2024-10-10 16:15:18,0.001448
ec2-18-232-40-202.compute-1.amazonaws.com:5432,2024-10-10 16:15:18,0.001448
ec2-18-232-40-202.compute-1.amazonaws.com:5432,2024-10-10 16:15:19,0.001598
ec2-18-232-40-202.compute-1.amazonaws.com:5432,2024-10-10 16:30:17,0.002585
ec2-18-232-40-202.compute-1.amazonaws.com:5432,2024-10-10 16:30:18,0.001361
ec2-18-232-40-202.compute-1.amazonaws.com:5432,2024-10-10 16:30:18,0.001467
ec2-18-232-40-202.compute-1.amazonaws.com:5432,2024-10-10 16:30:19,0.002586
ec2-18-232-40-202.compute-1.amazonaws.com:5432,2024-10-10 16:30:19,0.001701
ec2-18-232-40-202.compute-1.amazonaws.com:5432,2024-10-10 16:30:20,0.002110
ec2-18-232-40-202.compute-1.amazonaws.com:5432,2024-10-10 16:30:20,0.002291
ec2-18-232-40-202.compute-1.amazonaws.com:5432,2024-10-10 16:30:21,0.001463
ec2-18-232-40-202.compute-1.amazonaws.com:5432,2024-10-10 16:30:21,0.001405
ec2-18-232-40-202.compute-1.amazonaws.com:5432,2024-10-10 16:30:22,0.001506
ec2-18-232-40-202.compute-1.amazonaws.com:5432,2024-10-10 16:45:14,0.002565
ec2-18-232-40-202.compute-1.amazonaws.com:5432,2024-10-10 16:45:14,0.002918
ec2-18-232-40-202.compute-1.amazonaws.com:5432,2024-10-10 16:45:15,0.001631
ec2-18-232-40-202.compute-1.amazonaws.com:5432,2024-10-10 16:45:15,0.002292
ec2-18-232-40-202.compute-1.amazonaws.com:5432,2024-10-10 16:45:16,0.001620
ec2-18-232-40-202.compute-1.amazonaws.com:5432,2024-10-10 16:45:17,0.002516
ec2-18-232-40-202.compute-1.amazonaws.com:5432,2024-10-10 16:45:17,0.001468
ec2-18-232-40-202.compute-1.amazonaws.com:5432,2024-10-10 16:45:18,0.001615
ec2-18-232-40-202.compute-1.amazonaws.com:5432,2024-10-10 16:45:18,0.001536
ec2-18-232-40-202.compute-1.amazonaws.com:5432,2024-10-10 16:45:19,0.001594
ec2-18-232-40-202.compute-1.amazonaws.com:5432,2024-10-10 17:00:17,0.007116
ec2-18-232-40-202.compute-1.amazonaws.com:5432,2024-10-10 17:00:18,0.001798
ec2-18-232-40-202.compute-1.amazonaws.com:5432,2024-10-10 17:00:18,0.003709
ec2-18-232-40-202.compute-1.amazonaws.com:5432,2024-10-10 17:00:19,0.002284
ec2-18-232-40-202.compute-1.amazonaws.com:5432,2024-10-10 17:00:19,0.005224
ec2-18-232-40-202.compute-1.amazonaws.com:5432,2024-10-10 17:00:20,0.001543
ec2-18-232-40-202.compute-1.amazonaws.com:5432,2024-10-10 17:00:20,0.001901
ec2-18-232-40-202.compute-1.amazonaws.com:5432,2024-10-10 17:00:21,0.005826
ec2-18-232-40-202.compute-1.amazonaws.com:5432,2024-10-10 17:00:21,0.001492
ec2-18-232-40-202.compute-1.amazonaws.com:5432,2024-10-10 17:00:22,0.006796
ec2-18-232-40-202.compute-1.amazonaws.com:5432,2024-10-10 17:15:16,0.005732
ec2-18-232-40-202.compute-1.amazonaws.com:5432,2024-10-10 17:15:16,0.001523
ec2-18-232-40-202.compute-1.amazonaws.com:5432,2024-10-10 17:15:17,0.001726
ec2-18-232-40-202.compute-1.amazonaws.com:5432,2024-10-10 17:15:17,0.004727
ec2-18-232-40-202.compute-1.amazonaws.com:5432,2024-10-10 17:15:18,0.005720
ec2-18-232-40-202.compute-1.amazonaws.com:5432,2024-10-10 17:15:19,0.002311
ec2-18-232-40-202.compute-1.amazonaws.com:5432,2024-10-10 17:15:19,0.004724
ec2-18-232-40-202.compute-1.amazonaws.com:5432,2024-10-10 17:15:20,0.005168
ec2-18-232-40-202.compute-1.amazonaws.com:5432,2024-10-10 17:15:20,0.002180
ec2-18-232-40-202.compute-1.amazonaws.com:5432,2024-10-10 17:15:21,0.003263
ec2-18-232-40-202.compute-1.amazonaws.com:5432,2024-10-10 17:30:14,0.002745
ec2-18-232-40-202.compute-1.amazonaws.com:5432,2024-10-10 17:30:15,0.003624
ec2-18-232-40-202.compute-1.amazonaws.com:5432,2024-10-10 17:30:15,0.001434
ec2-18-232-40-202.compute-1.amazonaws.com:5432,2024-10-10 17:30:16,0.018334
ec2-18-232-40-202.compute-1.amazonaws.com:5432,2024-10-10 17:30:16,0.001912
ec2-18-232-40-202.compute-1.amazonaws.com:5432,2024-10-10 17:30:17,0.001482
ec2-18-232-40-202.compute-1.amazonaws.com:5432,2024-10-10 17:30:17,0.001400
ec2-18-232-40-202.compute-1.amazonaws.com:5432,2024-10-10 17:30:18,0.001511
ec2-18-232-40-202.compute-1.amazonaws.com:5432,2024-10-10 17:30:18,0.001747
ec2-18-232-40-202.compute-1.amazonaws.com:5432,2024-10-10 17:30:19,0.011021
ec2-18-232-40-202.compute-1.amazonaws.com:5432,2024-10-10 17:45:18,0.002652
ec2-18-232-40-202.compute-1.amazonaws.com:5432,2024-10-10 17:45:18,0.001773
ec2-18-232-40-202.compute-1.amazonaws.com:5432,2024-10-10 17:45:19,0.001608
ec2-18-232-40-202.compute-1.amazonaws.com:5432,2024-10-10 17:45:19,0.002689
ec2-18-232-40-202.compute-1.amazonaws.com:5432,2024-10-10 17:45:20,0.001612
ec2-18-232-40-202.compute-1.amazonaws.com:5432,2024-10-10 17:45:20,0.004556
ec2-18-232-40-202.compute-1.amazonaws.com:5432,2024-10-10 17:45:21,0.006772
ec2-18-232-40-202.compute-1.amazonaws.com:5432,2024-10-10 17:45:21,0.003807
ec2-18-232-40-202.compute-1.amazonaws.com:5432,2024-10-10 17:45:22,0.001649
ec2-18-232-40-202.compute-1.amazonaws.com:5432,2024-10-10 17:45:22,0.002031
ec2-18-232-40-202.compute-1.amazonaws.com:5432,2024-10-10 18:00:17,0.003553
ec2-18-232-40-202.compute-1.amazonaws.com:5432,2024-10-10 18:00:18,0.001548
ec2-18-232-40-202.compute-1.amazonaws.com:5432,2024-10-10 18:00:19,0.002106
ec2-18-232-40-202.compute-1.amazonaws.com:5432,2024-10-10 18:00:19,0.002339
ec2-18-232-40-202.compute-1.amazonaws.com:5432,2024-10-10 18:00:20,0.008333
ec2-18-232-40-202.compute-1.amazonaws.com:5432,2024-10-10 18:00:20,0.003207
ec2-18-232-40-202.compute-1.amazonaws.com:5432,2024-10-10 18:00:21,0.001521
ec2-18-232-40-202.compute-1.amazonaws.com:5432,2024-10-10 18:00:21,0.002987
ec2-18-232-40-202.compute-1.amazonaws.com:5432,2024-10-10 18:00:22,0.004735
ec2-18-232-40-202.compute-1.amazonaws.com:5432,2024-10-10 18:00:22,0.008839
ec2-18-232-40-202.compute-1.amazonaws.com:5432,2024-10-10 18:15:16,0.021462
ec2-18-232-40-202.compute-1.amazonaws.com:5432,2024-10-10 18:15:17,0.009098
ec2-18-232-40-202.compute-1.amazonaws.com:5432,2024-10-10 18:15:17,0.010674
ec2-18-232-40-202.compute-1.amazonaws.com:5432,2024-10-10 18:15:18,0.003983
ec2-18-232-40-202.compute-1.amazonaws.com:5432,2024-10-10 18:15:18,0.003921
ec2-18-232-40-202.compute-1.amazonaws.com:5432,2024-10-10 18:15:19,0.011586
ec2-18-232-40-202.compute-1.amazonaws.com:5432,2024-10-10 18:15:19,0.009287
ec2-18-232-40-202.compute-1.amazonaws.com:5432,2024-10-10 18:15:20,0.006007
ec2-18-232-40-202.compute-1.amazonaws.com:5432,2024-10-10 18:15:21,0.003048
ec2-18-232-40-202.compute-1.amazonaws.com:5432,2024-10-10 18:15:21,0.005356
ec2-18-232-40-202.compute-1.amazonaws.com:5432,2024-10-10 18:30:16,0.002646
ec2-18-232-40-202.compute-1.amazonaws.com:5432,2024-10-10 18:30:17,0.008089
ec2-18-232-40-202.compute-1.amazonaws.com:5432,2024-10-10 18:30:17,0.006779
ec2-18-232-40-202.compute-1.amazonaws.com:5432,2024-10-10 18:30:18,0.006714
ec2-18-232-40-202.compute-1.amazonaws.com:5432,2024-10-10 18:30:18,0.001516
ec2-18-232-40-202.compute-1.amazonaws.com:5432,2024-10-10 18:30:19,0.001466
ec2-18-232-40-202.compute-1.amazonaws.com:5432,2024-10-10 18:30:19,0.001742
ec2-18-232-40-202.compute-1.amazonaws.com:5432,2024-10-10 18:30:20,0.007010
ec2-18-232-40-202.compute-1.amazonaws.com:5432,2024-10-10 18:30:20,0.013251
ec2-18-232-40-202.compute-1.amazonaws.com:5432,2024-10-10 18:30:21,0.009431
ec2-18-232-40-202.compute-1.amazonaws.com:5432,2024-10-10 18:45:15,0.011167
ec2-18-232-40-202.compute-1.amazonaws.com:5432,2024-10-10 18:45:15,0.004688
ec2-18-232-40-202.compute-1.amazonaws.com:5432,2024-10-10 18:45:16,0.001964
ec2-18-232-40-202.compute-1.amazonaws.com:5432,2024-10-10 18:45:16,0.019309
ec2-18-232-40-202.compute-1.amazonaws.com:5432,2024-10-10 18:45:17,0.003965
ec2-18-232-40-202.compute-1.amazonaws.com:5432,2024-10-10 18:45:17,0.003535
ec2-18-232-40-202.compute-1.amazonaws.com:5432,2024-10-10 18:45:18,0.003563
ec2-18-232-40-202.compute-1.amazonaws.com:5432,2024-10-10 18:45:18,0.006188
ec2-18-232-40-202.compute-1.amazonaws.com:5432,2024-10-10 18:45:19,0.001542
ec2-18-232-40-202.compute-1.amazonaws.com:5432,2024-10-10 18:45:19,0.001789
ec2-18-232-40-202.compute-1.amazonaws.com:5432,2024-10-10 19:00:14,0.002872
ec2-18-232-40-202.compute-1.amazonaws.com:5432,2024-10-10 19:00:14,0.001658
ec2-18-232-40-202.compute-1.amazonaws.com:5432,2024-10-10 19:00:15,0.001420
ec2-18-232-40-202.compute-1.amazonaws.com:5432,2024-10-10 19:00:15,0.001538
ec2-18-232-40-202.compute-1.amazonaws.com:5432,2024-10-10 19:00:16,0.003209
ec2-18-232-40-202.compute-1.amazonaws.com:5432,2024-10-10 19:00:16,0.001643
ec2-18-232-40-202.compute-1.amazonaws.com:5432,2024-10-10 19:00:17,0.001604
ec2-18-232-40-202.compute-1.amazonaws.com:5432,2024-10-10 19:00:17,0.001741
ec2-18-232-40-202.compute-1.amazonaws.com:5432,2024-10-10 19:00:18,0.002721
ec2-18-232-40-202.compute-1.amazonaws.com:5432,2024-10-10 19:00:18,0.001430
ec2-18-232-40-202.compute-1.amazonaws.com:5432,2024-10-10 19:15:16,0.002528
ec2-18-232-40-202.compute-1.amazonaws.com:5432,2024-10-10 19:15:17,0.003550
ec2-18-232-40-202.compute-1.amazonaws.com:5432,2024-10-10 19:15:17,0.003206
ec2-18-232-40-202.compute-1.amazonaws.com:5432,2024-10-10 19:15:18,0.001895
ec2-18-232-40-202.compute-1.amazonaws.com:5432,2024-10-10 19:15:18,0.001455
ec2-18-232-40-202.compute-1.amazonaws.com:5432,2024-10-10 19:15:19,0.004284
ec2-18-232-40-202.compute-1.amazonaws.com:5432,2024-10-10 19:15:19,0.010957
ec2-18-232-40-202.compute-1.amazonaws.com:5432,2024-10-10 19:15:20,0.001381
ec2-18-232-40-202.compute-1.amazonaws.com:5432,2024-10-10 19:15:20,0.005130
ec2-18-232-40-202.compute-1.amazonaws.com:5432,2024-10-10 19:15:21,0.001899
ec2-18-232-40-202.compute-1.amazonaws.com:5432,2024-10-10 19:30:15,0.007521
ec2-18-232-40-202.compute-1.amazonaws.com:5432,2024-10-10 19:30:15,0.002680
ec2-18-232-40-202.compute-1.amazonaws.com:5432,2024-10-10 19:30:16,0.006407
ec2-18-232-40-202.compute-1.amazonaws.com:5432,2024-10-10 19:30:17,0.001462
ec2-18-232-40-202.compute-1.amazonaws.com:5432,2024-10-10 19:30:17,0.001650
ec2-18-232-40-202.compute-1.amazonaws.com:5432,2024-10-10 19:30:18,0.010255
ec2-18-232-40-202.compute-1.amazonaws.com:5432,2024-10-10 19:30:18,0.001529
ec2-18-232-40-202.compute-1.amazonaws.com:5432,2024-10-10 19:30:19,0.001779
ec2-18-232-40-202.compute-1.amazonaws.com:5432,2024-10-10 19:30:19,0.001503
ec2-18-232-40-202.compute-1.amazonaws.com:5432,2024-10-10 19:30:20,0.010004
ec2-18-232-40-202.compute-1.amazonaws.com:5432,2024-10-10 19:45:20,0.003143
ec2-18-232-40-202.compute-1.amazonaws.com:5432,2024-10-10 19:45:20,0.002293
ec2-18-232-40-202.compute-1.amazonaws.com:5432,2024-10-10 19:45:21,0.015080
ec2-18-232-40-202.compute-1.amazonaws.com:5432,2024-10-10 19:45:21,0.001485
ec2-18-232-40-202.compute-1.amazonaws.com:5432,2024-10-10 19:45:22,0.007840
ec2-18-232-40-202.compute-1.amazonaws.com:5432,2024-10-10 19:45:22,0.001432
ec2-18-232-40-202.compute-1.amazonaws.com:5432,2024-10-10 19:45:23,0.001481
ec2-18-232-40-202.compute-1.amazonaws.com:5432,2024-10-10 19:45:23,0.001505
ec2-18-232-40-202.compute-1.amazonaws.com:5432,2024-10-10 19:45:24,0.001779
ec2-18-232-40-202.compute-1.amazonaws.com:5432,2024-10-10 19:45:25,0.007172
ec2-18-232-40-202.compute-1.amazonaws.com:5432,2024-10-10 20:00:15,0.002256
ec2-18-232-40-202.compute-1.amazonaws.com:5432,2024-10-10 20:00:15,0.001442
ec2-18-232-40-202.compute-1.amazonaws.com:5432,2024-10-10 20:00:16,0.001881
ec2-18-232-40-202.compute-1.amazonaws.com:5432,2024-10-10 20:00:16,0.002895
ec2-18-232-40-202.compute-1.amazonaws.com:5432,2024-10-10 20:00:17,0.001800
ec2-18-232-40-202.compute-1.amazonaws.com:5432,2024-10-10 20:00:17,0.005057
ec2-18-232-40-202.compute-1.amazonaws.com:5432,2024-10-10 20:00:18,0.001369
ec2-18-232-40-202.compute-1.amazonaws.com:5432,2024-10-10 20:00:18,0.003082
ec2-18-232-40-202.compute-1.amazonaws.com:5432,2024-10-10 20:00:19,0.001495
ec2-18-232-40-202.compute-1.amazonaws.com:5432,2024-10-10 20:00:19,0.007112
ec2-18-232-40-202.compute-1.amazonaws.com:5432,2024-10-10 20:15:15,0.002943
ec2-18-232-40-202.compute-1.amazonaws.com:5432,2024-10-10 20:15:16,0.003022
ec2-18-232-40-202.compute-1.amazonaws.com:5432,2024-10-10 20:15:16,0.001972
ec2-18-232-40-202.compute-1.amazonaws.com:5432,2024-10-10 20:15:17,0.043097
ec2-18-232-40-202.compute-1.amazonaws.com:5432,2024-10-10 20:15:17,0.001554
ec2-18-232-40-202.compute-1.amazonaws.com:5432,2024-10-10 20:15:18,0.004586
ec2-18-232-40-202.compute-1.amazonaws.com:5432,2024-10-10 20:15:18,0.001491
ec2-18-232-40-202.compute-1.amazonaws.com:5432,2024-10-10 20:15:19,0.002642
ec2-18-232-40-202.compute-1.amazonaws.com:5432,2024-10-10 20:15:19,0.003759
ec2-18-232-40-202.compute-1.amazonaws.com:5432,2024-10-10 20:15:20,0.002210
ec2-18-232-40-202.compute-1.amazonaws.com:5432,2024-10-10 20:45:16,0.005701
ec2-18-232-40-202.compute-1.amazonaws.com:5432,2024-10-10 20:45:17,0.009076
ec2-18-232-40-202.compute-1.amazonaws.com:5432,2024-10-10 20:45:17,0.002678
ec2-18-232-40-202.compute-1.amazonaws.com:5432,2024-10-10 20:45:18,0.003149
ec2-18-232-40-202.compute-1.amazonaws.com:5432,2024-10-10 20:45:18,0.011144
ec2-18-232-40-202.compute-1.amazonaws.com:5432,2024-10-10 20:45:19,0.002901
ec2-18-232-40-202.compute-1.amazonaws.com:5432,2024-10-10 20:45:19,0.002785
ec2-18-232-40-202.compute-1.amazonaws.com:5432,2024-10-10 20:45:20,0.002863
ec2-18-232-40-202.compute-1.amazonaws.com:5432,2024-10-10 20:45:21,0.002665
ec2-18-232-40-202.compute-1.amazonaws.com:5432,2024-10-10 20:45:21,0.002600
ec2-18-232-40-202.compute-1.amazonaws.com:5432,2024-10-10 21:00:14,0.018920
ec2-18-232-40-202.compute-1.amazonaws.com:5432,2024-10-10 21:00:14,0.005777
ec2-18-232-40-202.compute-1.amazonaws.com:5432,2024-10-10 21:00:15,0.007043
ec2-18-232-40-202.compute-1.amazonaws.com:5432,2024-10-10 21:00:15,0.012065
ec2-18-232-40-202.compute-1.amazonaws.com:5432,2024-10-10 21:00:16,0.004880
ec2-18-232-40-202.compute-1.amazonaws.com:5432,2024-10-10 21:00:16,0.011283
ec2-18-232-40-202.compute-1.amazonaws.com:5432,2024-10-10 21:00:17,0.014635
ec2-18-232-40-202.compute-1.amazonaws.com:5432,2024-10-10 21:00:17,0.015403
ec2-18-232-40-202.compute-1.amazonaws.com:5432,2024-10-10 21:00:18,0.008383
ec2-18-232-40-202.compute-1.amazonaws.com:5432,2024-10-10 21:00:18,0.001476
ec2-18-232-40-202.compute-1.amazonaws.com:5432,2024-10-10 21:15:15,0.005053
ec2-18-232-40-202.compute-1.amazonaws.com:5432,2024-10-10 21:15:15,0.006178
ec2-18-232-40-202.compute-1.amazonaws.com:5432,2024-10-10 21:15:16,0.007491
ec2-18-232-40-202.compute-1.amazonaws.com:5432,2024-10-10 21:15:16,0.009188
ec2-18-232-40-202.compute-1.amazonaws.com:5432,2024-10-10 21:15:17,0.020675
ec2-18-232-40-202.compute-1.amazonaws.com:5432,2024-10-10 21:15:17,0.009073
ec2-18-232-40-202.compute-1.amazonaws.com:5432,2024-10-10 21:15:18,0.007369
ec2-18-232-40-202.compute-1.amazonaws.com:5432,2024-10-10 21:15:18,0.008829
ec2-18-232-40-202.compute-1.amazonaws.com:5432,2024-10-10 21:15:19,0.003553
ec2-18-232-40-202.compute-1.amazonaws.com:5432,2024-10-10 21:15:20,0.004218
ec2-18-232-40-202.compute-1.amazonaws.com:5432,2024-10-10 21:30:22,0.016057
ec2-18-232-40-202.compute-1.amazonaws.com:5432,2024-10-10 21:30:22,0.006310
ec2-18-232-40-202.compute-1.amazonaws.com:5432,2024-10-10 21:30:23,0.010235
ec2-18-232-40-202.compute-1.amazonaws.com:5432,2024-10-10 21:30:23,0.007305
ec2-18-232-40-202.compute-1.amazonaws.com:5432,2024-10-10 21:30:24,0.008220
ec2-18-232-40-202.compute-1.amazonaws.com:5432,2024-10-10 21:30:24,0.013035
ec2-18-232-40-202.compute-1.amazonaws.com:5432,2024-10-10 21:30:25,0.002951
ec2-18-232-40-202.compute-1.amazonaws.com:5432,2024-10-10 21:30:25,0.009351
ec2-18-232-40-202.compute-1.amazonaws.com:5432,2024-10-10 21:30:26,0.006324
ec2-18-232-40-202.compute-1.amazonaws.com:5432,2024-10-10 21:30:26,0.002484
ec2-18-232-40-202.compute-1.amazonaws.com:5432,2024-10-10 21:45:16,0.004745
ec2-18-232-40-202.compute-1.amazonaws.com:5432,2024-10-10 21:45:17,0.006170
ec2-18-232-40-202.compute-1.amazonaws.com:5432,2024-10-10 21:45:17,0.004585
ec2-18-232-40-202.compute-1.amazonaws.com:5432,2024-10-10 21:45:18,0.001639
ec2-18-232-40-202.compute-1.amazonaws.com:5432,2024-10-10 21:45:18,0.009888
ec2-18-232-40-202.compute-1.amazonaws.com:5432,2024-10-10 21:45:19,0.002357
ec2-18-232-40-202.compute-1.amazonaws.com:5432,2024-10-10 21:45:19,0.001463
ec2-18-232-40-202.compute-1.amazonaws.com:5432,2024-10-10 21:45:20,0.006987
ec2-18-232-40-202.compute-1.amazonaws.com:5432,2024-10-10 21:45:20,0.001519
ec2-18-232-40-202.compute-1.amazonaws.com:5432,2024-10-10 21:45:21,0.002020
ec2-18-232-40-202.compute-1.amazonaws.com:5432,2024-10-10 22:00:16,0.018154
ec2-18-232-40-202.compute-1.amazonaws.com:5432,2024-10-10 22:00:17,0.012792
ec2-18-232-40-202.compute-1.amazonaws.com:5432,2024-10-10 22:00:17,0.013673
ec2-18-232-40-202.compute-1.amazonaws.com:5432,2024-10-10 22:00:18,0.028383
ec2-18-232-40-202.compute-1.amazonaws.com:5432,2024-10-10 22:00:18,0.027865
ec2-18-232-40-202.compute-1.amazonaws.com:5432,2024-10-10 22:00:19,0.003926
ec2-18-232-40-202.compute-1.amazonaws.com:5432,2024-10-10 22:00:19,0.001418
ec2-18-232-40-202.compute-1.amazonaws.com:5432,2024-10-10 22:00:20,0.006605
ec2-18-232-40-202.compute-1.amazonaws.com:5432,2024-10-10 22:00:20,0.003389
ec2-18-232-40-202.compute-1.amazonaws.com:5432,2024-10-10 22:00:21,0.012926
ec2-18-232-40-202.compute-1.amazonaws.com:5432,2024-10-10 22:15:16,0.003090
ec2-18-232-40-202.compute-1.amazonaws.com:5432,2024-10-10 22:15:17,0.005705
ec2-18-232-40-202.compute-1.amazonaws.com:5432,2024-10-10 22:15:17,0.009418
ec2-18-232-40-202.compute-1.amazonaws.com:5432,2024-10-10 22:15:18,0.003788
ec2-18-232-40-202.compute-1.amazonaws.com:5432,2024-10-10 22:15:18,0.008967
ec2-18-232-40-202.compute-1.amazonaws.com:5432,2024-10-10 22:15:19,0.005959
ec2-18-232-40-202.compute-1.amazonaws.com:5432,2024-10-10 22:15:19,0.011250
ec2-18-232-40-202.compute-1.amazonaws.com:5432,2024-10-10 22:15:20,0.013414
ec2-18-232-40-202.compute-1.amazonaws.com:5432,2024-10-10 22:15:20,0.002257
ec2-18-232-40-202.compute-1.amazonaws.com:5432,2024-10-10 22:15:21,0.009137
ec2-18-232-40-202.compute-1.amazonaws.com:5432,2024-10-10 22:30:21,0.006274
ec2-18-232-40-202.compute-1.amazonaws.com:5432,2024-10-10 22:30:21,0.006248
ec2-18-232-40-202.compute-1.amazonaws.com:5432,2024-10-10 22:30:22,0.001844
ec2-18-232-40-202.compute-1.amazonaws.com:5432,2024-10-10 22:30:22,0.005268
ec2-18-232-40-202.compute-1.amazonaws.com:5432,2024-10-10 22:30:23,0.001514
ec2-18-232-40-202.compute-1.amazonaws.com:5432,2024-10-10 22:30:23,0.004946
ec2-18-232-40-202.compute-1.amazonaws.com:5432,2024-10-10 22:30:24,0.001849
ec2-18-232-40-202.compute-1.amazonaws.com:5432,2024-10-10 22:30:24,0.011871
ec2-18-232-40-202.compute-1.amazonaws.com:5432,2024-10-10 22:30:25,0.005781
ec2-18-232-40-202.compute-1.amazonaws.com:5432,2024-10-10 22:30:25,0.002018
ec2-18-232-40-202.compute-1.amazonaws.com:5432,2024-10-10 22:45:15,0.003453
ec2-18-232-40-202.compute-1.amazonaws.com:5432,2024-10-10 22:45:15,0.001397
ec2-18-232-40-202.compute-1.amazonaws.com:5432,2024-10-10 22:45:16,0.001801
ec2-18-232-40-202.compute-1.amazonaws.com:5432,2024-10-10 22:45:16,0.001636
ec2-18-232-40-202.compute-1.amazonaws.com:5432,2024-10-10 22:45:17,0.005524
ec2-18-232-40-202.compute-1.amazonaws.com:5432,2024-10-10 22:45:17,0.001424
ec2-18-232-40-202.compute-1.amazonaws.com:5432,2024-10-10 22:45:18,0.001357
ec2-18-232-40-202.compute-1.amazonaws.com:5432,2024-10-10 22:45:18,0.001424
ec2-18-232-40-202.compute-1.amazonaws.com:5432,2024-10-10 22:45:19,0.001359
ec2-18-232-40-202.compute-1.amazonaws.com:5432,2024-10-10 22:45:19,0.001578
ec2-18-232-40-202.compute-1.amazonaws.com:5432,2024-10-10 23:00:15,0.002469
ec2-18-232-40-202.compute-1.amazonaws.com:5432,2024-10-10 23:00:15,0.002680
ec2-18-232-40-202.compute-1.amazonaws.com:5432,2024-10-10 23:00:16,0.001418
ec2-18-232-40-202.compute-1.amazonaws.com:5432,2024-10-10 23:00:16,0.001361
ec2-18-232-40-202.compute-1.amazonaws.com:5432,2024-10-10 23:00:17,0.003128
ec2-18-232-40-202.compute-1.amazonaws.com:5432,2024-10-10 23:00:17,0.003281
ec2-18-232-40-202.compute-1.amazonaws.com:5432,2024-10-10 23:00:18,0.001402
ec2-18-232-40-202.compute-1.amazonaws.com:5432,2024-10-10 23:00:18,0.001585
ec2-18-232-40-202.compute-1.amazonaws.com:5432,2024-10-10 23:00:19,0.001232
ec2-18-232-40-202.compute-1.amazonaws.com:5432,2024-10-10 23:00:19,0.001456
ec2-18-232-40-202.compute-1.amazonaws.com:5432,2024-10-10 23:15:16,0.002188
ec2-18-232-40-202.compute-1.amazonaws.com:5432,2024-10-10 23:15:17,0.001376
ec2-18-232-40-202.compute-1.amazonaws.com:5432,2024-10-10 23:15:17,0.003826
ec2-18-232-40-202.compute-1.amazonaws.com:5432,2024-10-10 23:15:18,0.001546
ec2-18-232-40-202.compute-1.amazonaws.com:5432,2024-10-10 23:15:18,0.001458
ec2-18-232-40-202.compute-1.amazonaws.com:5432,2024-10-10 23:15:19,0.001421
ec2-18-232-40-202.compute-1.amazonaws.com:5432,2024-10-10 23:15:19,0.001689
ec2-18-232-40-202.compute-1.amazonaws.com:5432,2024-10-10 23:15:20,0.003559
ec2-18-232-40-202.compute-1.amazonaws.com:5432,2024-10-10 23:15:20,0.001449
ec2-18-232-40-202.compute-1.amazonaws.com:5432,2024-10-10 23:15:21,0.001451
ec2-18-232-40-202.compute-1.amazonaws.com:5432,2024-10-10 23:30:16,0.009621
ec2-18-232-40-202.compute-1.amazonaws.com:5432,2024-10-10 23:30:17,0.005724
ec2-18-232-40-202.compute-1.amazonaws.com:5432,2024-10-10 23:30:18,0.003644
ec2-18-232-40-202.compute-1.amazonaws.com:5432,2024-10-10 23:30:18,0.002070
ec2-18-232-40-202.compute-1.amazonaws.com:5432,2024-10-10 23:30:19,0.001722
ec2-18-232-40-202.compute-1.amazonaws.com:5432,2024-10-10 23:30:19,0.006855
ec2-18-232-40-202.compute-1.amazonaws.com:5432,2024-10-10 23:30:20,0.004194
ec2-18-232-40-202.compute-1.amazonaws.com:5432,2024-10-10 23:30:20,0.001490
ec2-18-232-40-202.compute-1.amazonaws.com:5432,2024-10-10 23:30:21,0.001527
ec2-18-232-40-202.compute-1.amazonaws.com:5432,2024-10-10 23:30:21,0.001567
ec2-18-232-40-202.compute-1.amazonaws.com:5432,2024-10-10 23:45:14,0.002086
ec2-18-232-40-202.compute-1.amazonaws.com:5432,2024-10-10 23:45:14,0.001453
ec2-18-232-40-202.compute-1.amazonaws.com:5432,2024-10-10 23:45:15,0.001317
ec2-18-232-40-202.compute-1.amazonaws.com:5432,2024-10-10 23:45:15,0.001566
ec2-18-232-40-202.compute-1.amazonaws.com:5432,2024-10-10 23:45:16,0.001582
ec2-18-232-40-202.compute-1.amazonaws.com:5432,2024-10-10 23:45:16,0.002571
ec2-18-232-40-202.compute-1.amazonaws.com:5432,2024-10-10 23:45:17,0.001363
ec2-18-232-40-202.compute-1.amazonaws.com:5432,2024-10-10 23:45:17,0.001515
ec2-18-232-40-202.compute-1.amazonaws.com:5432,2024-10-10 23:45:18,0.004299
ec2-18-232-40-202.compute-1.amazonaws.com:5432,2024-10-10 23:45:18,0.001776
ec2-18-232-40-202.compute-1.amazonaws.com:5432,2024-10-11 00:00:18,0.002526
ec2-18-232-40-202.compute-1.amazonaws.com:5432,2024-10-11 00:00:18,0.001448
ec2-18-232-40-202.compute-1.amazonaws.com:5432,2024-10-11 00:00:19,0.003889
ec2-18-232-40-202.compute-1.amazonaws.com:5432,2024-10-11 00:00:19,0.001422
ec2-18-232-40-202.compute-1.amazonaws.com:5432,2024-10-11 00:00:20,0.003936
ec2-18-232-40-202.compute-1.amazonaws.com:5432,2024-10-11 00:00:20,0.007727
ec2-18-232-40-202.compute-1.amazonaws.com:5432,2024-10-11 00:00:21,0.003238
ec2-18-232-40-202.compute-1.amazonaws.com:5432,2024-10-11 00:00:21,0.018077
ec2-18-232-40-202.compute-1.amazonaws.com:5432,2024-10-11 00:00:22,0.001825
ec2-18-232-40-202.compute-1.amazonaws.com:5432,2024-10-11 00:00:22,0.007335
ec2-18-232-40-202.compute-1.amazonaws.com:5432,2024-10-11 00:15:15,0.002612
ec2-18-232-40-202.compute-1.amazonaws.com:5432,2024-10-11 00:15:16,0.001403
ec2-18-232-40-202.compute-1.amazonaws.com:5432,2024-10-11 00:15:16,0.001556
ec2-18-232-40-202.compute-1.amazonaws.com:5432,2024-10-11 00:15:17,0.001320
ec2-18-232-40-202.compute-1.amazonaws.com:5432,2024-10-11 00:15:17,0.001433
ec2-18-232-40-202.compute-1.amazonaws.com:5432,2024-10-11 00:15:18,0.001401
ec2-18-232-40-202.compute-1.amazonaws.com:5432,2024-10-11 00:15:18,0.001825
ec2-18-232-40-202.compute-1.amazonaws.com:5432,2024-10-11 00:15:19,0.001400
ec2-18-232-40-202.compute-1.amazonaws.com:5432,2024-10-11 00:15:20,0.001665
ec2-18-232-40-202.compute-1.amazonaws.com:5432,2024-10-11 00:15:20,0.001692
ec2-18-232-40-202.compute-1.amazonaws.com:5432,2024-10-11 00:30:15,0.002563
ec2-18-232-40-202.compute-1.amazonaws.com:5432,2024-10-11 00:30:15,0.001963
ec2-18-232-40-202.compute-1.amazonaws.com:5432,2024-10-11 00:30:16,0.001330
ec2-18-232-40-202.compute-1.amazonaws.com:5432,2024-10-11 00:30:16,0.001511
ec2-18-232-40-202.compute-1.amazonaws.com:5432,2024-10-11 00:30:17,0.001342
ec2-18-232-40-202.compute-1.amazonaws.com:5432,2024-10-11 00:30:17,0.001544
ec2-18-232-40-202.compute-1.amazonaws.com:5432,2024-10-11 00:30:18,0.001486
ec2-18-232-40-202.compute-1.amazonaws.com:5432,2024-10-11 00:30:18,0.001524
ec2-18-232-40-202.compute-1.amazonaws.com:5432,2024-10-11 00:30:19,0.001979
ec2-18-232-40-202.compute-1.amazonaws.com:5432,2024-10-11 00:30:19,0.001298
ec2-18-232-40-202.compute-1.amazonaws.com:5432,2024-10-11 00:45:16,0.002333
ec2-18-232-40-202.compute-1.amazonaws.com:5432,2024-10-11 00:45:16,0.001409
ec2-18-232-40-202.compute-1.amazonaws.com:5432,2024-10-11 00:45:17,0.001506
ec2-18-232-40-202.compute-1.amazonaws.com:5432,2024-10-11 00:45:17,0.001672
ec2-18-232-40-202.compute-1.amazonaws.com:5432,2024-10-11 00:45:18,0.005301
ec2-18-232-40-202.compute-1.amazonaws.com:5432,2024-10-11 00:45:18,0.001309
ec2-18-232-40-202.compute-1.amazonaws.com:5432,2024-10-11 00:45:19,0.001439
ec2-18-232-40-202.compute-1.amazonaws.com:5432,2024-10-11 00:45:19,0.006211
ec2-18-232-40-202.compute-1.amazonaws.com:5432,2024-10-11 00:45:20,0.001303
ec2-18-232-40-202.compute-1.amazonaws.com:5432,2024-10-11 00:45:20,0.003216
ec2-18-232-40-202.compute-1.amazonaws.com:5432,2024-10-11 01:00:15,0.002185
ec2-18-232-40-202.compute-1.amazonaws.com:5432,2024-10-11 01:00:16,0.001518
ec2-18-232-40-202.compute-1.amazonaws.com:5432,2024-10-11 01:00:16,0.001369
ec2-18-232-40-202.compute-1.amazonaws.com:5432,2024-10-11 01:00:17,0.001848
ec2-18-232-40-202.compute-1.amazonaws.com:5432,2024-10-11 01:00:17,0.006623
ec2-18-232-40-202.compute-1.amazonaws.com:5432,2024-10-11 01:00:18,0.001372
ec2-18-232-40-202.compute-1.amazonaws.com:5432,2024-10-11 01:00:19,0.001436
ec2-18-232-40-202.compute-1.amazonaws.com:5432,2024-10-11 01:00:19,0.001461
ec2-18-232-40-202.compute-1.amazonaws.com:5432,2024-10-11 01:00:20,0.005048
ec2-18-232-40-202.compute-1.amazonaws.com:5432,2024-10-11 01:00:20,0.001723
ec2-18-232-40-202.compute-1.amazonaws.com:5432,2024-10-11 01:15:22,0.002352
ec2-18-232-40-202.compute-1.amazonaws.com:5432,2024-10-11 01:15:23,0.001461
ec2-18-232-40-202.compute-1.amazonaws.com:5432,2024-10-11 01:15:23,0.001430
ec2-18-232-40-202.compute-1.amazonaws.com:5432,2024-10-11 01:15:24,0.001453
ec2-18-232-40-202.compute-1.amazonaws.com:5432,2024-10-11 01:15:24,0.001440
ec2-18-232-40-202.compute-1.amazonaws.com:5432,2024-10-11 01:15:25,0.001365
ec2-18-232-40-202.compute-1.amazonaws.com:5432,2024-10-11 01:15:25,0.001514
ec2-18-232-40-202.compute-1.amazonaws.com:5432,2024-10-11 01:15:26,0.001479
ec2-18-232-40-202.compute-1.amazonaws.com:5432,2024-10-11 01:15:26,0.001350
ec2-18-232-40-202.compute-1.amazonaws.com:5432,2024-10-11 01:15:27,0.001402
ec2-18-232-40-202.compute-1.amazonaws.com:5432,2024-10-11 01:30:16,0.002387
ec2-18-232-40-202.compute-1.amazonaws.com:5432,2024-10-11 01:30:16,0.001313
ec2-18-232-40-202.compute-1.amazonaws.com:5432,2024-10-11 01:30:17,0.001408
ec2-18-232-40-202.compute-1.amazonaws.com:5432,2024-10-11 01:30:17,0.001333
ec2-18-232-40-202.compute-1.amazonaws.com:5432,2024-10-11 01:30:18,0.007235
ec2-18-232-40-202.compute-1.amazonaws.com:5432,2024-10-11 01:30:18,0.001430
ec2-18-232-40-202.compute-1.amazonaws.com:5432,2024-10-11 01:30:19,0.001423
ec2-18-232-40-202.compute-1.amazonaws.com:5432,2024-10-11 01:30:19,0.001435
ec2-18-232-40-202.compute-1.amazonaws.com:5432,2024-10-11 01:30:20,0.001434
ec2-18-232-40-202.compute-1.amazonaws.com:5432,2024-10-11 01:30:20,0.001372
ec2-18-232-40-202.compute-1.amazonaws.com:5432,2024-10-11 01:45:14,0.002583
ec2-18-232-40-202.compute-1.amazonaws.com:5432,2024-10-11 01:45:14,0.001357
ec2-18-232-40-202.compute-1.amazonaws.com:5432,2024-10-11 01:45:15,0.001449
ec2-18-232-40-202.compute-1.amazonaws.com:5432,2024-10-11 01:45:15,0.001436
ec2-18-232-40-202.compute-1.amazonaws.com:5432,2024-10-11 01:45:16,0.001465
ec2-18-232-40-202.compute-1.amazonaws.com:5432,2024-10-11 01:45:16,0.001454
ec2-18-232-40-202.compute-1.amazonaws.com:5432,2024-10-11 01:45:17,0.003579
ec2-18-232-40-202.compute-1.amazonaws.com:5432,2024-10-11 01:45:17,0.001597
ec2-18-232-40-202.compute-1.amazonaws.com:5432,2024-10-11 01:45:18,0.001430
ec2-18-232-40-202.compute-1.amazonaws.com:5432,2024-10-11 01:45:18,0.001519
ec2-18-232-40-202.compute-1.amazonaws.com:5432,2024-10-11 02:00:17,0.005611
ec2-18-232-40-202.compute-1.amazonaws.com:5432,2024-10-11 02:00:18,0.004169
ec2-18-232-40-202.compute-1.amazonaws.com:5432,2024-10-11 02:00:18,0.001491
ec2-18-232-40-202.compute-1.amazonaws.com:5432,2024-10-11 02:00:19,0.001552
ec2-18-232-40-202.compute-1.amazonaws.com:5432,2024-10-11 02:00:19,0.001463
ec2-18-232-40-202.compute-1.amazonaws.com:5432,2024-10-11 02:00:20,0.001625
ec2-18-232-40-202.compute-1.amazonaws.com:5432,2024-10-11 02:00:20,0.001327
ec2-18-232-40-202.compute-1.amazonaws.com:5432,2024-10-11 02:00:21,0.001448
ec2-18-232-40-202.compute-1.amazonaws.com:5432,2024-10-11 02:00:21,0.001315
ec2-18-232-40-202.compute-1.amazonaws.com:5432,2024-10-11 02:00:22,0.001400
ec2-18-232-40-202.compute-1.amazonaws.com:5432,2024-10-11 02:15:17,0.002603
ec2-18-232-40-202.compute-1.amazonaws.com:5432,2024-10-11 02:15:17,0.001370
ec2-18-232-40-202.compute-1.amazonaws.com:5432,2024-10-11 02:15:18,0.001462
ec2-18-232-40-202.compute-1.amazonaws.com:5432,2024-10-11 02:15:18,0.001516
ec2-18-232-40-202.compute-1.amazonaws.com:5432,2024-10-11 02:15:19,0.001513
ec2-18-232-40-202.compute-1.amazonaws.com:5432,2024-10-11 02:15:19,0.001485
ec2-18-232-40-202.compute-1.amazonaws.com:5432,2024-10-11 02:15:20,0.003143
ec2-18-232-40-202.compute-1.amazonaws.com:5432,2024-10-11 02:15:20,0.001358
ec2-18-232-40-202.compute-1.amazonaws.com:5432,2024-10-11 02:15:21,0.001421
ec2-18-232-40-202.compute-1.amazonaws.com:5432,2024-10-11 02:15:21,0.001464
ec2-18-232-40-202.compute-1.amazonaws.com:5432,2024-10-11 02:45:14,0.002274
ec2-18-232-40-202.compute-1.amazonaws.com:5432,2024-10-11 02:45:15,0.001538
ec2-18-232-40-202.compute-1.amazonaws.com:5432,2024-10-11 02:45:15,0.001364
ec2-18-232-40-202.compute-1.amazonaws.com:5432,2024-10-11 02:45:16,0.001331
ec2-18-232-40-202.compute-1.amazonaws.com:5432,2024-10-11 02:45:16,0.001507
ec2-18-232-40-202.compute-1.amazonaws.com:5432,2024-10-11 02:45:17,0.003876
ec2-18-232-40-202.compute-1.amazonaws.com:5432,2024-10-11 02:45:17,0.001388
ec2-18-232-40-202.compute-1.amazonaws.com:5432,2024-10-11 02:45:18,0.002596
ec2-18-232-40-202.compute-1.amazonaws.com:5432,2024-10-11 02:45:18,0.001367
ec2-18-232-40-202.compute-1.amazonaws.com:5432,2024-10-11 02:45:19,0.001854
ec2-18-232-40-202.compute-1.amazonaws.com:5432,2024-10-11 03:00:16,0.002226
ec2-18-232-40-202.compute-1.amazonaws.com:5432,2024-10-11 03:00:16,0.001437
ec2-18-232-40-202.compute-1.amazonaws.com:5432,2024-10-11 03:00:17,0.001621
ec2-18-232-40-202.compute-1.amazonaws.com:5432,2024-10-11 03:00:17,0.001411
ec2-18-232-40-202.compute-1.amazonaws.com:5432,2024-10-11 03:00:18,0.001632
ec2-18-232-40-202.compute-1.amazonaws.com:5432,2024-10-11 03:00:18,0.001411
ec2-18-232-40-202.compute-1.amazonaws.com:5432,2024-10-11 03:00:19,0.002220
ec2-18-232-40-202.compute-1.amazonaws.com:5432,2024-10-11 03:00:19,0.001412
ec2-18-232-40-202.compute-1.amazonaws.com:5432,2024-10-11 03:00:20,0.001327
ec2-18-232-40-202.compute-1.amazonaws.com:5432,2024-10-11 03:00:20,0.001449
ec2-18-232-40-202.compute-1.amazonaws.com:5432,2024-10-11 03:15:15,0.002332
ec2-18-232-40-202.compute-1.amazonaws.com:5432,2024-10-11 03:15:15,0.001573
ec2-18-232-40-202.compute-1.amazonaws.com:5432,2024-10-11 03:15:16,0.001432
ec2-18-232-40-202.compute-1.amazonaws.com:5432,2024-10-11 03:15:16,0.001561
ec2-18-232-40-202.compute-1.amazonaws.com:5432,2024-10-11 03:15:17,0.001827
ec2-18-232-40-202.compute-1.amazonaws.com:5432,2024-10-11 03:15:17,0.001399
ec2-18-232-40-202.compute-1.amazonaws.com:5432,2024-10-11 03:15:18,0.001444
ec2-18-232-40-202.compute-1.amazonaws.com:5432,2024-10-11 03:15:18,0.001650
ec2-18-232-40-202.compute-1.amazonaws.com:5432,2024-10-11 03:15:19,0.001472
ec2-18-232-40-202.compute-1.amazonaws.com:5432,2024-10-11 03:15:19,0.001928
ec2-18-232-40-202.compute-1.amazonaws.com:5432,2024-10-11 04:15:17,0.002354
ec2-18-232-40-202.compute-1.amazonaws.com:5432,2024-10-11 04:15:18,0.001512
ec2-18-232-40-202.compute-1.amazonaws.com:5432,2024-10-11 04:15:18,0.001515
ec2-18-232-40-202.compute-1.amazonaws.com:5432,2024-10-11 04:15:19,0.002048
ec2-18-232-40-202.compute-1.amazonaws.com:5432,2024-10-11 04:15:19,0.007282
ec2-18-232-40-202.compute-1.amazonaws.com:5432,2024-10-11 04:15:20,0.003846
ec2-18-232-40-202.compute-1.amazonaws.com:5432,2024-10-11 04:15:20,0.001341
ec2-18-232-40-202.compute-1.amazonaws.com:5432,2024-10-11 04:15:21,0.001415
ec2-18-232-40-202.compute-1.amazonaws.com:5432,2024-10-11 04:15:21,0.001604
ec2-18-232-40-202.compute-1.amazonaws.com:5432,2024-10-11 04:15:22,0.001420
